s,kW,kW,kW,kW,kW,kW,kW,kW,kW,kg/s,kg/s,kg/s
Time,HRR,Q_RADI,Q_CONV,Q_COND,Q_DIFF,Q_PRES,Q_PART,Q_ENTH,Q_TOTAL,MLR_AIR,MLR_PROPANE,MLR_PRODUCTS
 3.0000000E+001, 0.0000000E+000,-6.9362934E-004,-2.4909255E-007, 0.0000000E+000, 0.0000000E+000, 0.0000000E+000, 0.0000000E+000, 0.0000000E+000,-6.9387843E-004, 0.0000000E+000, 0.0000000E+000, 0.0000000E+000
 3.0984032E+001, 9.5009219E+001,-3.0187021E+001, 1.0541222E+000,-1.4722698E+000,-6.4688333E-003, 0.0000000E+000, 0.0000000E+000, 5.5653875E+001, 6.4397581E+001, 0.0000000E+000, 2.3752116E-003, 0.0000000E+000
 3.1951132E+001, 2.1112107E+002,-5.4850277E+001, 2.5360653E+000,-5.8522835E+000,-1.3389413E-002, 0.0000000E+000, 0.0000000E+000, 1.5208078E+002, 1.5294119E+002, 0.0000000E+000, 4.6290109E-003, 0.0000000E+000
 3.2919502E+001, 2.3222693E+002,-6.1810661E+001, 2.6249620E+000,-1.4587199E+001,-1.4979911E-002, 0.0000000E+000, 0.0000000E+000, 1.5841800E+002, 1.5843905E+002, 0.0000000E+000, 5.1265304E-003, 0.0000000E+000
 3.3883034E+001, 2.3573372E+002,-6.3412333E+001, 2.5035058E+000,-2.4171965E+001,-1.5158156E-002, 0.0000000E+000, 0.0000000E+000, 1.5068395E+002, 1.5063776E+002, 0.0000000E+000, 5.2042130E-003, 0.0000000E+000
 3.4856968E+001, 2.4735751E+002,-6.6016638E+001, 2.5708563E+000,-3.0015636E+001,-1.5293193E-002, 0.0000000E+000, 0.0000000E+000, 1.5387545E+002, 1.5388080E+002, 0.0000000E+000, 5.2155862E-003, 0.0000000E+000
 3.5823860E+001, 2.3709117E+002,-6.4602244E+001, 1.7338886E+000,-3.0660612E+001,-1.5282800E-002, 0.0000000E+000, 0.0000000E+000, 1.4359611E+002, 1.4354692E+002, 0.0000000E+000, 5.2172361E-003, 0.0000000E+000
 3.6799641E+001, 2.3916541E+002,-6.5270493E+001,-1.8871576E+000,-3.0573748E+001,-1.5352733E-002, 0.0000000E+000, 0.0000000E+000, 1.4145406E+002, 1.4141866E+002, 0.0000000E+000, 5.2174723E-003, 0.0000000E+000
 3.7771534E+001, 2.3931626E+002,-6.5638538E+001,-9.5680976E+000,-3.3146586E+001,-1.5398973E-002, 0.0000000E+000, 0.0000000E+000, 1.3106103E+002, 1.3094764E+002, 0.0000000E+000, 5.2175063E-003, 0.0000000E+000
 3.8737534E+001, 2.3879215E+002,-6.6922196E+001,-1.5269334E+001,-3.6660196E+001,-1.5374097E-002, 0.0000000E+000, 0.0000000E+000, 1.2007925E+002, 1.1992505E+002, 0.0000000E+000, 5.2175112E-003, 0.0000000E+000
 3.9705082E+001, 2.4033237E+002,-6.7051176E+001,-2.0542924E+001,-3.8250867E+001,-1.5357646E-002, 0.0000000E+000, 0.0000000E+000, 1.1460533E+002, 1.1447204E+002, 0.0000000E+000, 5.2175118E-003, 0.0000000E+000
 4.0674160E+001, 2.3670918E+002,-6.7416280E+001,-2.5995521E+001,-4.0718852E+001,-1.5307773E-002, 0.0000000E+000, 0.0000000E+000, 1.0266038E+002, 1.0256322E+002, 0.0000000E+000, 5.2175119E-003, 0.0000000E+000
 4.1644958E+001, 2.4175347E+002,-6.9076808E+001,-3.1665889E+001,-4.2819551E+001,-1.5258973E-002, 0.0000000E+000, 0.0000000E+000, 9.8192880E+001, 9.8175967E+001, 0.0000000E+000, 5.2175120E-003, 0.0000000E+000
 4.2621769E+001, 2.3944244E+002,-6.9168035E+001,-2.9590467E+001,-4.1356826E+001,-1.5282438E-002, 0.0000000E+000, 0.0000000E+000, 9.9372225E+001, 9.9311826E+001, 0.0000000E+000, 5.2175120E-003, 0.0000000E+000
 4.3586872E+001, 2.4584791E+002,-7.1677322E+001,-3.2685706E+001,-4.2277928E+001,-1.5321452E-002, 0.0000000E+000, 0.0000000E+000, 9.9152812E+001, 9.9191636E+001, 0.0000000E+000, 5.2175120E-003, 0.0000000E+000
 4.4560558E+001, 2.4261293E+002,-7.0633731E+001,-4.3772441E+001,-4.2641584E+001,-1.5436776E-002, 0.0000000E+000, 0.0000000E+000, 8.5687663E+001, 8.5549732E+001, 0.0000000E+000, 5.2175120E-003, 0.0000000E+000
 4.5520721E+001, 2.3864986E+002,-7.0746268E+001,-4.3914610E+001,-4.3251583E+001,-1.5518328E-002, 0.0000000E+000, 0.0000000E+000, 8.0829877E+001, 8.0721881E+001, 0.0000000E+000, 5.2175120E-003, 0.0000000E+000
 4.6499760E+001, 2.3925648E+002,-7.1674576E+001,-5.3481478E+001,-4.5008715E+001,-1.5477329E-002, 0.0000000E+000, 0.0000000E+000, 6.8974528E+001, 6.9076235E+001, 0.0000000E+000, 5.2175120E-003, 0.0000000E+000
 4.7469669E+001, 2.3763134E+002,-7.1206856E+001,-5.4123359E+001,-4.5414169E+001,-1.5430344E-002, 0.0000000E+000, 0.0000000E+000, 6.7041191E+001, 6.6871522E+001, 0.0000000E+000, 5.2175120E-003, 0.0000000E+000
 4.8432274E+001, 2.4292471E+002,-7.3328051E+001,-5.3566827E+001,-4.6764665E+001,-1.5493102E-002, 0.0000000E+000, 0.0000000E+000, 6.9387901E+001, 6.9249677E+001, 0.0000000E+000, 5.2175120E-003, 0.0000000E+000
 4.9410053E+001, 2.3863531E+002,-7.1917697E+001,-6.3369035E+001,-4.7784259E+001,-1.5498264E-002, 0.0000000E+000, 0.0000000E+000, 5.5731963E+001, 5.5548816E+001, 0.0000000E+000, 5.2175120E-003, 0.0000000E+000
 5.0370750E+001, 2.4135414E+002,-7.3483359E+001,-7.1400699E+001,-4.6982055E+001,-1.5512576E-002, 0.0000000E+000, 0.0000000E+000, 4.9461630E+001, 4.9472515E+001, 0.0000000E+000, 5.2175120E-003, 0.0000000E+000
 5.1349480E+001, 2.4005229E+002,-7.3504731E+001,-7.0554319E+001,-4.8057138E+001,-1.5563523E-002, 0.0000000E+000, 0.0000000E+000, 4.7895623E+001, 4.7920537E+001, 0.0000000E+000, 5.2175120E-003, 0.0000000E+000
 5.2318150E+001, 2.3985201E+002,-7.3233088E+001,-6.4625770E+001,-4.9477787E+001,-1.5598202E-002, 0.0000000E+000, 0.0000000E+000, 5.2532548E+001, 5.2499766E+001, 0.0000000E+000, 5.2175120E-003, 0.0000000E+000
 5.3284210E+001, 2.3918521E+002,-7.4309980E+001,-6.4852480E+001,-5.0341141E+001,-1.5499039E-002, 0.0000000E+000, 0.0000000E+000, 4.9704254E+001, 4.9666114E+001, 0.0000000E+000, 5.2175120E-003, 0.0000000E+000
 5.4251816E+001, 2.4055167E+002,-7.4235201E+001,-8.4139746E+001,-4.9474539E+001,-1.5523616E-002, 0.0000000E+000, 0.0000000E+000, 3.2823991E+001, 3.2686657E+001, 0.0000000E+000, 5.2175120E-003, 0.0000000E+000
 5.5223091E+001, 2.4086255E+002,-7.4484085E+001,-7.5028852E+001,-5.0459480E+001,-1.5528510E-002, 0.0000000E+000, 0.0000000E+000, 4.0872273E+001, 4.0874606E+001, 0.0000000E+000, 5.2175120E-003, 0.0000000E+000
 5.6196415E+001, 2.3867713E+002,-7.4421063E+001,-8.3956845E+001,-5.1700086E+001,-1.5549625E-002, 0.0000000E+000, 0.0000000E+000, 2.9125452E+001, 2.8583583E+001, 0.0000000E+000, 5.2175120E-003, 0.0000000E+000
 5.7167576E+001, 2.3755710E+002,-7.4041166E+001,-8.0180563E+001,-5.1937209E+001,-1.5440807E-002, 0.0000000E+000, 0.0000000E+000, 3.1554449E+001, 3.1382722E+001, 0.0000000E+000, 5.2175120E-003, 0.0000000E+000
 5.8141674E+001, 2.4301115E+002,-7.5461059E+001,-8.3090412E+001,-5.1334014E+001,-1.5512327E-002, 0.0000000E+000, 0.0000000E+000, 3.3221476E+001, 3.3110157E+001, 0.0000000E+000, 5.2175120E-003, 0.0000000E+000
 5.9109257E+001, 2.3971419E+002,-7.5403035E+001,-9.7594445E+001,-5.2309880E+001,-1.5511308E-002, 0.0000000E+000, 0.0000000E+000, 1.4327879E+001, 1.4391320E+001, 0.0000000E+000, 5.2175120E-003, 0.0000000E+000
 6.0078915E+001, 2.4062159E+002,-7.4850536E+001,-9.0247854E+001,-5.1411760E+001,-1.5603702E-002, 0.0000000E+000, 0.0000000E+000, 2.4190971E+001, 2.4095836E+001, 0.0000000E+000, 5.2175120E-003, 0.0000000E+000
 6.1042896E+001, 2.3953358E+002,-7.5054293E+001,-8.0299865E+001,-5.0719025E+001,-1.5508050E-002, 0.0000000E+000, 0.0000000E+000, 3.3570971E+001, 3.3444884E+001, 0.0000000E+000, 5.2175120E-003, 0.0000000E+000
 6.2019653E+001, 2.3756205E+002,-7.4802185E+001,-8.2895159E+001,-5.1631024E+001,-1.5439409E-002, 0.0000000E+000, 0.0000000E+000, 2.8339333E+001, 2.8218247E+001, 0.0000000E+000, 5.2175120E-003, 0.0000000E+000
 6.2988792E+001, 2.4063186E+002,-7.5650585E+001,-8.8301621E+001,-5.2871272E+001,-1.5527525E-002, 0.0000000E+000, 0.0000000E+000, 2.3985889E+001, 2.3792851E+001, 0.0000000E+000, 5.2175120E-003, 0.0000000E+000
 6.3955273E+001, 2.4228971E+002,-7.6029685E+001,-8.6398190E+001,-5.2024628E+001,-1.5540050E-002, 0.0000000E+000, 0.0000000E+000, 2.7824495E+001, 2.7821667E+001, 0.0000000E+000, 5.2175120E-003, 0.0000000E+000
 6.4920586E+001, 2.3938404E+002,-7.6032405E+001,-9.2302756E+001,-5.2215649E+001,-1.5498735E-002, 0.0000000E+000, 0.0000000E+000, 1.8890563E+001, 1.8817737E+001, 0.0000000E+000, 5.2175120E-003, 0.0000000E+000
 6.5902786E+001, 2.4002791E+002,-7.6036076E+001,-9.3803769E+001,-5.3140454E+001,-1.5526401E-002, 0.0000000E+000, 0.0000000E+000, 1.7035186E+001, 1.7032088E+001, 0.0000000E+000, 5.2175120E-003, 0.0000000E+000
 6.6860985E+001, 2.4043033E+002,-7.6560821E+001,-9.6212103E+001,-5.3972517E+001,-1.5557447E-002, 0.0000000E+000, 0.0000000E+000, 1.3980457E+001, 1.3669335E+001, 0.0000000E+000, 5.2175120E-003, 0.0000000E+000
 6.7842484E+001, 2.3725546E+002,-7.5366062E+001,-8.8778080E+001,-5.3242887E+001,-1.5443479E-002, 0.0000000E+000, 0.0000000E+000, 1.9749215E+001, 1.9852985E+001, 0.0000000E+000, 5.2175120E-003, 0.0000000E+000
 6.8809387E+001, 2.4291278E+002,-7.6509319E+001,-8.8724396E+001,-5.3143526E+001,-1.5546345E-002, 0.0000000E+000, 0.0000000E+000, 2.4726612E+001, 2.4519990E+001, 0.0000000E+000, 5.2175120E-003, 0.0000000E+000
 6.9770096E+001, 2.4082402E+002,-7.6657767E+001,-8.6458497E+001,-5.3895552E+001,-1.5598705E-002, 0.0000000E+000, 0.0000000E+000, 2.3870384E+001, 2.3796608E+001, 0.0000000E+000, 5.2175120E-003, 0.0000000E+000
 7.0745560E+001, 2.3798181E+002,-7.5929904E+001,-8.9709529E+001,-5.4024383E+001,-1.5579367E-002, 0.0000000E+000, 0.0000000E+000, 1.8350504E+001, 1.8302413E+001, 0.0000000E+000, 5.2175120E-003, 0.0000000E+000
 7.1713425E+001, 2.3746264E+002,-7.5618101E+001,-9.2643930E+001,-5.3611613E+001,-1.5543381E-002, 0.0000000E+000, 0.0000000E+000, 1.5690856E+001, 1.5573449E+001, 0.0000000E+000, 5.2175120E-003, 0.0000000E+000
 7.2689430E+001, 2.4428360E+002,-7.8198479E+001,-9.7620450E+001,-5.6277901E+001,-1.5481448E-002, 0.0000000E+000, 0.0000000E+000, 1.2346632E+001, 1.2171289E+001, 0.0000000E+000, 5.2175120E-003, 0.0000000E+000
 7.3660965E+001, 2.3898717E+002,-7.6131703E+001,-9.3014130E+001,-5.5474061E+001,-1.5522675E-002, 0.0000000E+000, 0.0000000E+000, 1.4597818E+001, 1.4351750E+001, 0.0000000E+000, 5.2175120E-003, 0.0000000E+000
 7.4629242E+001, 2.3994290E+002,-7.6851237E+001,-9.9601471E+001,-5.4370740E+001,-1.5530811E-002, 0.0000000E+000, 0.0000000E+000, 9.2983126E+000, 9.1039192E+000, 0.0000000E+000, 5.2175120E-003, 0.0000000E+000
 7.5594368E+001, 2.4051837E+002,-7.6590405E+001,-9.5712526E+001,-5.4313488E+001,-1.5515202E-002, 0.0000000E+000, 0.0000000E+000, 1.3825558E+001, 1.3886432E+001, 0.0000000E+000, 5.2175120E-003, 0.0000000E+000
 7.6568893E+001, 2.3796548E+002,-7.5964476E+001,-8.1951794E+001,-5.4446909E+001,-1.5474219E-002, 0.0000000E+000, 0.0000000E+000, 2.5699137E+001, 2.5586831E+001, 0.0000000E+000, 5.2175120E-003, 0.0000000E+000
 7.7540802E+001, 2.4173844E+002,-7.7408543E+001,-9.5973929E+001,-5.4125006E+001,-1.5473052E-002, 0.0000000E+000, 0.0000000E+000, 1.4353822E+001, 1.4215488E+001, 0.0000000E+000, 5.2175120E-003, 0.0000000E+000
 7.8509636E+001, 2.4007767E+002,-7.6917815E+001,-1.0285709E+002,-5.4207395E+001,-1.5526953E-002, 0.0000000E+000, 0.0000000E+000, 6.2031132E+000, 6.0798493E+000, 0.0000000E+000, 5.2175120E-003, 0.0000000E+000
 7.9472946E+001, 2.3793870E+002,-7.6209231E+001,-1.0226897E+002,-5.4995519E+001,-1.5539333E-002, 0.0000000E+000, 0.0000000E+000, 4.4020105E+000, 4.4494438E+000, 0.0000000E+000, 5.2175120E-003, 0.0000000E+000
 8.0441139E+001, 2.4268991E+002,-7.7754373E+001,-9.8549758E+001,-5.5472692E+001,-1.5568782E-002, 0.0000000E+000, 0.0000000E+000, 1.1113202E+001, 1.0897518E+001, 0.0000000E+000, 5.2175120E-003, 0.0000000E+000
 8.1419083E+001, 2.3825289E+002,-7.6495818E+001,-9.7659906E+001,-5.4999525E+001,-1.5572330E-002, 0.0000000E+000, 0.0000000E+000, 9.3079764E+000, 9.0820706E+000, 0.0000000E+000, 5.2175120E-003, 0.0000000E+000
 8.2387833E+001, 2.3876709E+002,-7.6552142E+001,-1.0781898E+002,-5.4367955E+001,-1.5442110E-002, 0.0000000E+000, 0.0000000E+000, 2.6208892E-001, 1.2567334E-002, 0.0000000E+000, 5.2175120E-003, 0.0000000E+000
 8.3350258E+001, 2.4093372E+002,-7.7314039E+001,-9.3666269E+001,-5.3685808E+001,-1.5503997E-002, 0.0000000E+000, 0.0000000E+000, 1.5961413E+001, 1.6252096E+001, 0.0000000E+000, 5.2175120E-003, 0.0000000E+000
 8.4320160E+001, 2.4106283E+002,-7.6829686E+001,-9.0592795E+001,-5.5721361E+001,-1.5558495E-002, 0.0000000E+000, 0.0000000E+000, 1.8061208E+001, 1.7903425E+001, 0.0000000E+000, 5.2175120E-003, 0.0000000E+000
 8.5299004E+001, 2.3969597E+002,-7.7820938E+001,-9.3743200E+001,-5.6847882E+001,-1.5497431E-002, 0.0000000E+000, 0.0000000E+000, 1.1427461E+001, 1.1268455E+001, 0.0000000E+000, 5.2175120E-003, 0.0000000E+000
 8.6272293E+001, 2.3993601E+002,-7.7319534E+001,-1.0180861E+002,-5.5120002E+001,-1.5527830E-002, 0.0000000E+000, 0.0000000E+000, 5.6573150E+000, 5.6723336E+000, 0.0000000E+000, 5.2175120E-003, 0.0000000E+000
 8.7235573E+001, 2.3987744E+002,-7.7422398E+001,-9.5420996E+001,-5.4865179E+001,-1.5519147E-002, 0.0000000E+000, 0.0000000E+000, 1.2251668E+001, 1.2153347E+001, 0.0000000E+000, 5.2175120E-003, 0.0000000E+000
 8.8204689E+001, 2.3823808E+002,-7.6960717E+001,-9.4642800E+001,-5.6106445E+001,-1.5516817E-002, 0.0000000E+000, 0.0000000E+000, 1.0463401E+001, 1.0512597E+001, 0.0000000E+000, 5.2175120E-003, 0.0000000E+000
 8.9178864E+001, 2.4261565E+002,-7.8273299E+001,-9.3187209E+001,-5.8018858E+001,-1.5502247E-002, 0.0000000E+000, 0.0000000E+000, 1.3484383E+001, 1.3120785E+001, 0.0000000E+000, 5.2175120E-003, 0.0000000E+000
 9.0144592E+001, 2.4014090E+002,-7.7373274E+001,-1.0675347E+002,-5.6107616E+001,-1.5529814E-002, 0.0000000E+000, 0.0000000E+000, 6.8837144E-002,-1.0899761E-001, 0.0000000E+000, 5.2175120E-003, 0.0000000E+000
 9.1119705E+001, 2.3972448E+002,-7.7734542E+001,-1.0010997E+002,-5.6125006E+001,-1.5547321E-002, 0.0000000E+000, 0.0000000E+000, 5.6387417E+000, 5.7394161E+000, 0.0000000E+000, 5.2175120E-003, 0.0000000E+000
 9.2080734E+001, 2.3983499E+002,-7.7297225E+001,-1.1221894E+002,-5.6877546E+001,-1.5612731E-002, 0.0000000E+000, 0.0000000E+000,-6.2534241E+000,-6.5743385E+000, 0.0000000E+000, 5.2175120E-003, 0.0000000E+000
 9.3056442E+001, 2.3673575E+002,-7.6587086E+001,-1.0134947E+002,-5.4018922E+001,-1.5480796E-002, 0.0000000E+000, 0.0000000E+000, 4.6462086E+000, 4.7647821E+000, 0.0000000E+000, 5.2175120E-003, 0.0000000E+000
 9.4024025E+001, 2.4342646E+002,-7.7895197E+001,-9.9659214E+001,-5.5241703E+001,-1.5425030E-002, 0.0000000E+000, 0.0000000E+000, 1.0883858E+001, 1.0614923E+001, 0.0000000E+000, 5.2175120E-003, 0.0000000E+000
 9.4997353E+001, 2.3893577E+002,-7.7104128E+001,-9.5860895E+001,-5.5384654E+001,-1.5513919E-002, 0.0000000E+000, 0.0000000E+000, 1.0925683E+001, 1.0570576E+001, 0.0000000E+000, 5.2175120E-003, 0.0000000E+000
 9.5967766E+001, 2.4074097E+002,-7.7584303E+001,-9.6484101E+001,-5.5171139E+001,-1.5501489E-002, 0.0000000E+000, 0.0000000E+000, 1.1624504E+001, 1.1485923E+001, 0.0000000E+000, 5.2175120E-003, 0.0000000E+000
 9.6937111E+001, 2.4009934E+002,-7.8057168E+001,-8.9420496E+001,-5.5958150E+001,-1.5523381E-002, 0.0000000E+000, 0.0000000E+000, 1.6653298E+001, 1.6647998E+001, 0.0000000E+000, 5.2175120E-003, 0.0000000E+000
 9.7903694E+001, 2.3861857E+002,-7.7607024E+001,-9.1047533E+001,-5.7604674E+001,-1.5456551E-002, 0.0000000E+000, 0.0000000E+000, 1.2461357E+001, 1.2343883E+001, 0.0000000E+000, 5.2175120E-003, 0.0000000E+000
 9.8872864E+001, 2.4171400E+002,-7.8389991E+001,-9.9473197E+001,-5.9255169E+001,-1.5466621E-002, 0.0000000E+000, 0.0000000E+000, 4.7600777E+000, 4.5801769E+000, 0.0000000E+000, 5.2175120E-003, 0.0000000E+000
 9.9843826E+001, 2.4058632E+002,-7.7611532E+001,-1.0117745E+002,-5.8002098E+001,-1.5542866E-002, 0.0000000E+000, 0.0000000E+000, 3.8998845E+000, 3.7796925E+000, 0.0000000E+000, 5.2175120E-003, 0.0000000E+000
 1.0081686E+002, 2.3969515E+002,-7.7509641E+001,-1.0602818E+002,-5.4997313E+001,-1.5557364E-002, 0.0000000E+000, 0.0000000E+000, 1.1774941E+000, 1.1444512E+000, 0.0000000E+000, 5.2175120E-003, 0.0000000E+000
 1.0178544E+002, 2.3904494E+002,-7.7998397E+001,-9.5772905E+001,-5.5312500E+001,-1.5587137E-002, 0.0000000E+000, 0.0000000E+000, 1.0182880E+001, 9.9455534E+000, 0.0000000E+000, 5.2175120E-003, 0.0000000E+000
 1.0275045E+002, 2.3718285E+002,-7.7790283E+001,-9.5707975E+001,-5.6253427E+001,-1.5502223E-002, 0.0000000E+000, 0.0000000E+000, 7.4800871E+000, 7.4156672E+000, 0.0000000E+000, 5.2175120E-003, 0.0000000E+000
 1.0372942E+002, 2.4162881E+002,-7.8130326E+001,-9.5946650E+001,-5.7030846E+001,-1.5519410E-002, 0.0000000E+000, 0.0000000E+000, 1.0607062E+001, 1.0505471E+001, 0.0000000E+000, 5.2175120E-003, 0.0000000E+000
 1.0469624E+002, 2.3963260E+002,-7.8150731E+001,-9.7041728E+001,-5.5273416E+001,-1.5450741E-002, 0.0000000E+000, 0.0000000E+000, 9.1914521E+000, 9.1512758E+000, 0.0000000E+000, 5.2175120E-003, 0.0000000E+000
 1.0566521E+002, 2.3977979E+002,-7.7444109E+001,-1.0139964E+002,-5.5530708E+001,-1.5480435E-002, 0.0000000E+000, 0.0000000E+000, 5.6231580E+000, 5.3898544E+000, 0.0000000E+000, 5.2175120E-003, 0.0000000E+000
 1.0663955E+002, 2.3863779E+002,-7.7935267E+001,-9.9608307E+001,-5.5466265E+001,-1.5527131E-002, 0.0000000E+000, 0.0000000E+000, 5.5282521E+000, 5.6124221E+000, 0.0000000E+000, 5.2175120E-003, 0.0000000E+000
 1.0760226E+002, 2.4221272E+002,-7.8147048E+001,-9.8543598E+001,-5.6031445E+001,-1.5484491E-002, 0.0000000E+000, 0.0000000E+000, 9.6723731E+000, 9.4751402E+000, 0.0000000E+000, 5.2175120E-003, 0.0000000E+000
 1.0857254E+002, 2.3852766E+002,-7.7714499E+001,-1.1182915E+002,-5.6150739E+001,-1.5442196E-002, 0.0000000E+000, 0.0000000E+000,-6.8063146E+000,-7.1821648E+000, 0.0000000E+000, 5.2175120E-003, 0.0000000E+000
 1.0954893E+002, 2.4095603E+002,-7.8388823E+001,-1.1128076E+002,-5.6113318E+001,-1.5473065E-002, 0.0000000E+000, 0.0000000E+000,-4.8707337E+000,-4.8423454E+000, 0.0000000E+000, 5.2175120E-003, 0.0000000E+000
 1.1051496E+002, 2.4106901E+002,-7.8379252E+001,-1.0132983E+002,-5.6486988E+001,-1.5502298E-002, 0.0000000E+000, 0.0000000E+000, 4.8825569E+000, 4.8574345E+000, 0.0000000E+000, 5.2175120E-003, 0.0000000E+000
 1.1148726E+002, 2.3698934E+002,-7.7202589E+001,-9.6125379E+001,-5.6437702E+001,-1.5489381E-002, 0.0000000E+000, 0.0000000E+000, 7.2225600E+000, 7.2081756E+000, 0.0000000E+000, 5.2175120E-003, 0.0000000E+000
 1.1245688E+002, 2.4400315E+002,-7.8865970E+001,-1.1069770E+002,-5.5968751E+001,-1.5518247E-002, 0.0000000E+000, 0.0000000E+000,-1.1197586E+000,-1.5447962E+000, 0.0000000E+000, 5.2175120E-003, 0.0000000E+000
 1.1343098E+002, 2.3513159E+002,-7.6453950E+001,-1.0622143E+002,-5.4976315E+001,-1.5495289E-002, 0.0000000E+000, 0.0000000E+000,-2.4039891E+000,-2.5356034E+000, 0.0000000E+000, 5.2175120E-003, 0.0000000E+000
 1.1439280E+002, 2.4205743E+002,-7.8707268E+001,-1.0184919E+002,-5.4792879E+001,-1.5501712E-002, 0.0000000E+000, 0.0000000E+000, 6.8141736E+000, 6.6925951E+000, 0.0000000E+000, 5.2175120E-003, 0.0000000E+000
 1.1536391E+002, 2.4059866E+002,-7.8338613E+001,-9.3410707E+001,-5.7539684E+001,-1.5486226E-002, 0.0000000E+000, 0.0000000E+000, 1.1273068E+001, 1.1294166E+001, 0.0000000E+000, 5.2175120E-003, 0.0000000E+000
 1.1634271E+002, 2.3669866E+002,-7.7078317E+001,-9.5386532E+001,-5.6742001E+001,-1.5415275E-002, 0.0000000E+000, 0.0000000E+000, 7.7315405E+000, 7.4763917E+000, 0.0000000E+000, 5.2175120E-003, 0.0000000E+000
 1.1730479E+002, 2.4483652E+002,-7.9251679E+001,-9.8148512E+001,-5.6963299E+001,-1.5524271E-002, 0.0000000E+000, 0.0000000E+000, 1.0629721E+001, 1.0457503E+001, 0.0000000E+000, 5.2175120E-003, 0.0000000E+000
 1.1827482E+002, 2.3748156E+002,-7.7208515E+001,-1.0322018E+002,-5.7938747E+001,-1.5514031E-002, 0.0000000E+000, 0.0000000E+000,-3.5705025E-001,-9.0140559E-001, 0.0000000E+000, 5.2175120E-003, 0.0000000E+000
 1.1925306E+002, 2.4133828E+002,-7.8078596E+001,-1.0639861E+002,-5.4722422E+001,-1.5515104E-002, 0.0000000E+000, 0.0000000E+000, 2.1363776E+000, 2.1231354E+000, 0.0000000E+000, 5.2175120E-003, 0.0000000E+000
 1.2021135E+002, 2.4135655E+002,-7.8008857E+001,-1.0892238E+002,-5.4428239E+001,-1.5505308E-002, 0.0000000E+000, 0.0000000E+000, 9.8657374E-002,-1.8428425E-002, 0.0000000E+000, 5.2175120E-003, 0.0000000E+000
 1.2118896E+002, 2.3887532E+002,-7.7964547E+001,-9.5317702E+001,-5.4037934E+001,-1.5496800E-002, 0.0000000E+000, 0.0000000E+000, 1.1507335E+001, 1.1539637E+001, 0.0000000E+000, 5.2175120E-003, 0.0000000E+000
 1.2215780E+002, 2.4039244E+002,-7.8490577E+001,-1.0645253E+002,-5.6206840E+001,-1.5490313E-002, 0.0000000E+000, 0.0000000E+000,-6.1579553E-001,-7.7299086E-001, 0.0000000E+000, 5.2175120E-003, 0.0000000E+000
 1.2312627E+002, 2.3934621E+002,-7.7868047E+001,-1.0633566E+002,-5.6908971E+001,-1.5487002E-002, 0.0000000E+000, 0.0000000E+000,-1.6965963E+000,-1.7819516E+000, 0.0000000E+000, 5.2175120E-003, 0.0000000E+000
 1.2410126E+002, 2.3848840E+002,-7.7779102E+001,-1.0144021E+002,-5.6461304E+001,-1.5464036E-002, 0.0000000E+000, 0.0000000E+000, 2.9827583E+000, 2.7923139E+000, 0.0000000E+000, 5.2175120E-003, 0.0000000E+000
 1.2506464E+002, 2.4066950E+002,-7.8814084E+001,-1.0575296E+002,-5.7241896E+001,-1.5408761E-002, 0.0000000E+000, 0.0000000E+000,-1.1440145E+000,-1.1548417E+000, 0.0000000E+000, 5.2175120E-003, 0.0000000E+000
 1.2603559E+002, 2.3886266E+002,-7.7833618E+001,-9.8423555E+001,-5.7057072E+001,-1.5404719E-002, 0.0000000E+000, 0.0000000E+000, 5.6859266E+000, 5.5330098E+000, 0.0000000E+000, 5.2175120E-003, 0.0000000E+000
 1.2701314E+002, 2.4147820E+002,-7.8945417E+001,-1.0163340E+002,-5.7689024E+001,-1.5453368E-002, 0.0000000E+000, 0.0000000E+000, 3.5106956E+000, 3.1949033E+000, 0.0000000E+000, 5.2175120E-003, 0.0000000E+000
 1.2797776E+002, 2.3763605E+002,-7.7932667E+001,-1.0263136E+002,-5.8844005E+001,-1.5433819E-002, 0.0000000E+000, 0.0000000E+000,-1.5821706E+000,-1.7874152E+000, 0.0000000E+000, 5.2175120E-003, 0.0000000E+000
 1.2894257E+002, 2.4466957E+002,-7.9545200E+001,-9.8396137E+001,-5.8467809E+001,-1.5508661E-002, 0.0000000E+000, 0.0000000E+000, 8.0487106E+000, 8.2449161E+000, 0.0000000E+000, 5.2175120E-003, 0.0000000E+000
 1.2991048E+002, 2.3845302E+002,-7.7570063E+001,-1.0117076E+002,-5.6973198E+001,-1.5569494E-002, 0.0000000E+000, 0.0000000E+000, 3.0834055E+000, 2.7234284E+000, 0.0000000E+000, 5.2175120E-003, 0.0000000E+000
 1.3089059E+002, 2.4078278E+002,-7.8695966E+001,-1.0115249E+002,-5.6361455E+001,-1.5571308E-002, 0.0000000E+000, 0.0000000E+000, 4.5931143E+000, 4.5572935E+000, 0.0000000E+000, 5.2175120E-003, 0.0000000E+000
 1.3186255E+002, 2.4020577E+002,-7.8348810E+001,-9.3080449E+001,-5.6144396E+001,-1.5592396E-002, 0.0000000E+000, 0.0000000E+000, 1.2653788E+001, 1.2616527E+001, 0.0000000E+000, 5.2175120E-003, 0.0000000E+000
 1.3282106E+002, 2.3864566E+002,-7.8309180E+001,-9.6464442E+001,-5.5646609E+001,-1.5523809E-002, 0.0000000E+000, 0.0000000E+000, 8.2748644E+000, 8.2099047E+000, 0.0000000E+000, 5.2175120E-003, 0.0000000E+000
 1.3379979E+002, 2.3967053E+002,-7.8752863E+001,-9.8163155E+001,-5.6249790E+001,-1.5498627E-002, 0.0000000E+000, 0.0000000E+000, 6.5192479E+000, 6.4892206E+000, 0.0000000E+000, 5.2175120E-003, 0.0000000E+000
 1.3476982E+002, 2.3808874E+002,-7.8508899E+001,-1.0000135E+002,-5.9268216E+001,-1.5496685E-002, 0.0000000E+000, 0.0000000E+000, 5.6921995E-001, 2.9478253E-001, 0.0000000E+000, 5.2175120E-003, 0.0000000E+000
 1.3573335E+002, 2.3945865E+002,-7.8346256E+001,-1.1399881E+002,-5.8050154E+001,-1.5458701E-002, 0.0000000E+000, 0.0000000E+000,-1.0617819E+001,-1.0952036E+001, 0.0000000E+000, 5.2175120E-003, 0.0000000E+000
 1.3671060E+002, 2.3852360E+002,-7.7887318E+001,-1.0227639E+002,-5.7975809E+001,-1.5420034E-002, 0.0000000E+000, 0.0000000E+000, 8.3266937E-001, 3.6866319E-001, 0.0000000E+000, 5.2175120E-003, 0.0000000E+000
 1.3767058E+002, 2.4422066E+002,-7.9966798E+001,-9.7111642E+001,-5.7807958E+001,-1.5477874E-002, 0.0000000E+000, 0.0000000E+000, 9.3289836E+000, 9.3187881E+000, 0.0000000E+000, 5.2175120E-003, 0.0000000E+000
 1.3864285E+002, 2.3863118E+002,-7.8074587E+001,-1.0487607E+002,-5.7872722E+001,-1.5448495E-002, 0.0000000E+000, 0.0000000E+000,-1.9114932E+000,-2.2076395E+000, 0.0000000E+000, 5.2175120E-003, 0.0000000E+000
 1.3961745E+002, 2.4060335E+002,-7.8469134E+001,-1.1782036E+002,-5.5736545E+001,-1.5527918E-002, 0.0000000E+000, 0.0000000E+000,-1.1383270E+001,-1.1438217E+001, 0.0000000E+000, 5.2175120E-003, 0.0000000E+000
 1.4059247E+002, 2.3988029E+002,-7.8505895E+001,-1.0427959E+002,-5.6224051E+001,-1.5481270E-002, 0.0000000E+000, 0.0000000E+000, 7.8639916E-001, 8.5526909E-001, 0.0000000E+000, 5.2175120E-003, 0.0000000E+000
 1.4156122E+002, 2.3919328E+002,-7.8775259E+001,-1.0041215E+002,-5.7328877E+001,-1.5470176E-002, 0.0000000E+000, 0.0000000E+000, 2.8753889E+000, 2.6615154E+000, 0.0000000E+000, 5.2175120E-003, 0.0000000E+000
 1.4252078E+002, 2.4001956E+002,-7.8789944E+001,-1.0939925E+002,-5.8675973E+001,-1.5509194E-002, 0.0000000E+000, 0.0000000E+000,-6.8515767E+000,-6.8611177E+000, 0.0000000E+000, 5.2175120E-003, 0.0000000E+000
 1.4349269E+002, 2.4006062E+002,-7.8548803E+001,-1.0418215E+002,-5.8237091E+001,-1.5484750E-002, 0.0000000E+000, 0.0000000E+000,-7.0953543E-001,-9.2290034E-001, 0.0000000E+000, 5.2175120E-003, 0.0000000E+000
 1.4446840E+002, 2.3954782E+002,-7.8314027E+001,-9.7485796E+001,-5.5929092E+001,-1.5430298E-002, 0.0000000E+000, 0.0000000E+000, 7.7787988E+000, 7.8034737E+000, 0.0000000E+000, 5.2175120E-003, 0.0000000E+000
 1.4543542E+002, 2.3792786E+002,-7.8248586E+001,-9.4956197E+001,-5.7671402E+001,-1.5389198E-002, 0.0000000E+000, 0.0000000E+000, 7.3590524E+000, 7.0362819E+000, 0.0000000E+000, 5.2175120E-003, 0.0000000E+000
 1.4640279E+002, 2.4349538E+002,-7.9696555E+001,-1.0242459E+002,-5.6988775E+001,-1.5486897E-002, 0.0000000E+000, 0.0000000E+000, 4.4502928E+000, 4.3699687E+000, 0.0000000E+000, 5.2175120E-003, 0.0000000E+000
 1.4737172E+002, 2.3756344E+002,-7.8096565E+001,-1.0069185E+002,-5.7606669E+001,-1.5410786E-002, 0.0000000E+000, 0.0000000E+000, 1.1995760E+000, 1.1529479E+000, 0.0000000E+000, 5.2175120E-003, 0.0000000E+000
 1.4834296E+002, 2.4264781E+002,-7.9257698E+001,-1.0672258E+002,-5.8196068E+001,-1.5464748E-002, 0.0000000E+000, 0.0000000E+000,-1.5697261E+000,-1.5439988E+000, 0.0000000E+000, 5.2175120E-003, 0.0000000E+000
 1.4931331E+002, 2.3818406E+002,-7.8773855E+001,-1.0279770E+002,-5.7026913E+001,-1.5449255E-002, 0.0000000E+000, 0.0000000E+000,-3.2194284E-001,-4.2985885E-001, 0.0000000E+000, 5.2175120E-003, 0.0000000E+000
 1.5028601E+002, 2.3987350E+002,-7.8825359E+001,-1.0323221E+002,-5.6017960E+001,-1.5468694E-002, 0.0000000E+000, 0.0000000E+000, 1.9188114E+000, 1.7825030E+000, 0.0000000E+000, 5.2175120E-003, 0.0000000E+000
 1.5125311E+002, 2.3889240E+002,-7.8392903E+001,-1.0017680E+002,-5.7415575E+001,-1.5409539E-002, 0.0000000E+000, 0.0000000E+000, 3.0694047E+000, 2.8917113E+000, 0.0000000E+000, 5.2175120E-003, 0.0000000E+000
 1.5223146E+002, 2.3986655E+002,-7.8722854E+001,-1.1063900E+002,-5.6426593E+001,-1.5333501E-002, 0.0000000E+000, 0.0000000E+000,-6.1331790E+000,-5.9372307E+000, 0.0000000E+000, 5.2175120E-003, 0.0000000E+000
 1.5319318E+002, 2.4007720E+002,-7.8328827E+001,-9.6525911E+001,-5.6250050E+001,-1.5440400E-002, 0.0000000E+000, 0.0000000E+000, 9.4013483E+000, 8.9569689E+000, 0.0000000E+000, 5.2175120E-003, 0.0000000E+000
 1.5416861E+002, 2.4124749E+002,-7.9399978E+001,-1.0132330E+002,-5.6722386E+001,-1.5400183E-002, 0.0000000E+000, 0.0000000E+000, 4.2454196E+000, 3.7864312E+000, 0.0000000E+000, 5.2175120E-003, 0.0000000E+000
 1.5514136E+002, 2.4038611E+002,-7.9005674E+001,-1.0141121E+002,-5.7790504E+001,-1.5462906E-002, 0.0000000E+000, 0.0000000E+000, 2.4086595E+000, 2.1632628E+000, 0.0000000E+000, 5.2175120E-003, 0.0000000E+000
 1.5610202E+002, 2.4081817E+002,-7.9090311E+001,-9.6257606E+001,-5.8782994E+001,-1.5502845E-002, 0.0000000E+000, 0.0000000E+000, 6.5918944E+000, 6.6717547E+000, 0.0000000E+000, 5.2175120E-003, 0.0000000E+000
 1.5707716E+002, 2.4132665E+002,-7.9181558E+001,-9.9074405E+001,-5.8118234E+001,-1.5562236E-002, 0.0000000E+000, 0.0000000E+000, 5.4216125E+000, 4.9368860E+000, 0.0000000E+000, 5.2175120E-003, 0.0000000E+000
 1.5805006E+002, 2.3752490E+002,-7.8357594E+001,-1.0859964E+002,-5.6665818E+001,-1.5473144E-002, 0.0000000E+000, 0.0000000E+000,-6.1414879E+000,-6.1136318E+000, 0.0000000E+000, 5.2175120E-003, 0.0000000E+000
 1.5901427E+002, 2.4091476E+002,-7.8699630E+001,-1.1321643E+002,-5.6968532E+001,-1.5465478E-002, 0.0000000E+000, 0.0000000E+000,-7.9383290E+000,-7.9852946E+000, 0.0000000E+000, 5.2175120E-003, 0.0000000E+000
 1.5998575E+002, 2.3930798E+002,-7.9115591E+001,-1.0414487E+002,-5.8061857E+001,-1.5490507E-002, 0.0000000E+000, 0.0000000E+000,-2.0255082E+000,-2.0298265E+000, 0.0000000E+000, 5.2175120E-003, 0.0000000E+000
 1.6095750E+002, 2.3889426E+002,-7.8389833E+001,-1.0636798E+002,-5.8965443E+001,-1.5524966E-002, 0.0000000E+000, 0.0000000E+000,-4.5905361E+000,-4.8445232E+000, 0.0000000E+000, 5.2175120E-003, 0.0000000E+000
 1.6192342E+002, 2.4147537E+002,-7.9133984E+001,-1.0842429E+002,-5.8415191E+001,-1.5543633E-002, 0.0000000E+000, 0.0000000E+000,-4.2293086E+000,-4.5136384E+000, 0.0000000E+000, 5.2175120E-003, 0.0000000E+000
 1.6289490E+002, 2.4047346E+002,-7.8869055E+001,-1.1801986E+002,-5.7935355E+001,-1.5457800E-002, 0.0000000E+000, 0.0000000E+000,-1.4214328E+001,-1.4366269E+001, 0.0000000E+000, 5.2175120E-003, 0.0000000E+000
 1.6386417E+002, 2.3760318E+002,-7.8239852E+001,-1.1871805E+002,-5.7671910E+001,-1.5495774E-002, 0.0000000E+000, 0.0000000E+000,-1.6864952E+001,-1.7042124E+001, 0.0000000E+000, 5.2175120E-003, 0.0000000E+000
 1.6483580E+002, 2.3713736E+002,-7.7846901E+001,-1.0850366E+002,-5.8248805E+001,-1.5344565E-002, 0.0000000E+000, 0.0000000E+000,-7.4080761E+000,-7.4773517E+000, 0.0000000E+000, 5.2175120E-003, 0.0000000E+000
 1.6580901E+002, 2.4265390E+002,-7.8595488E+001,-9.8835389E+001,-5.7375484E+001,-1.5422426E-002, 0.0000000E+000, 0.0000000E+000, 8.1729444E+000, 7.8321208E+000, 0.0000000E+000, 5.2175120E-003, 0.0000000E+000
 1.6677809E+002, 2.3816655E+002,-7.8159466E+001,-9.3838555E+001,-5.6519268E+001,-1.5415025E-002, 0.0000000E+000, 0.0000000E+000, 1.0009556E+001, 9.6338496E+000, 0.0000000E+000, 5.2175120E-003, 0.0000000E+000
 1.6774597E+002, 2.4091811E+002,-7.8337506E+001,-9.6738539E+001,-5.6550471E+001,-1.5492275E-002, 0.0000000E+000, 0.0000000E+000, 9.4531732E+000, 9.2761060E+000, 0.0000000E+000, 5.2175120E-003, 0.0000000E+000
 1.6871841E+002, 2.3988483E+002,-7.8595265E+001,-9.7811122E+001,-5.6738540E+001,-1.5438312E-002, 0.0000000E+000, 0.0000000E+000, 6.9790470E+000, 6.7244630E+000, 0.0000000E+000, 5.2175120E-003, 0.0000000E+000
 1.6969078E+002, 2.3973347E+002,-7.8857162E+001,-1.0112605E+002,-5.7708964E+001,-1.5459217E-002, 0.0000000E+000, 0.0000000E+000, 2.0497303E+000, 2.0258366E+000, 0.0000000E+000, 5.2175120E-003, 0.0000000E+000
 1.7065814E+002, 2.3912821E+002,-7.8313278E+001,-9.8742184E+001,-5.7631806E+001,-1.5429455E-002, 0.0000000E+000, 0.0000000E+000, 4.4317579E+000, 4.4255153E+000, 0.0000000E+000, 5.2175120E-003, 0.0000000E+000
 1.7162051E+002, 2.3771058E+002,-7.7987258E+001,-1.0275586E+002,-5.7320598E+001,-1.5399168E-002, 0.0000000E+000, 0.0000000E+000,-3.4273270E-001,-3.6853227E-001, 0.0000000E+000, 5.2175120E-003, 0.0000000E+000
 1.7259802E+002, 2.4506788E+002,-7.9716269E+001,-1.0413805E+002,-5.7978379E+001,-1.5464400E-002, 0.0000000E+000, 0.0000000E+000, 3.3995549E+000, 3.2197184E+000, 0.0000000E+000, 5.2175120E-003, 0.0000000E+000
 1.7356619E+002, 2.3723728E+002,-7.8120719E+001,-1.0421809E+002,-5.6774421E+001,-1.5462581E-002, 0.0000000E+000, 0.0000000E+000,-1.9258423E+000,-1.8914199E+000, 0.0000000E+000, 5.2175120E-003, 0.0000000E+000
 1.7453966E+002, 2.4128869E+002,-7.9292657E+001,-9.3911235E+001,-5.6579764E+001,-1.5427286E-002, 0.0000000E+000, 0.0000000E+000, 1.1789593E+001, 1.1489606E+001, 0.0000000E+000, 5.2175120E-003, 0.0000000E+000
 1.7550081E+002, 2.4029253E+002,-7.8846575E+001,-1.0230229E+002,-5.8204042E+001,-1.5496823E-002, 0.0000000E+000, 0.0000000E+000, 1.0934872E+000, 9.2413393E-001, 0.0000000E+000, 5.2175120E-003, 0.0000000E+000
 1.7647873E+002, 2.4168513E+002,-7.9163998E+001,-1.0390068E+002,-5.7135754E+001,-1.5553893E-002, 0.0000000E+000, 0.0000000E+000, 1.6633452E+000, 1.4691491E+000, 0.0000000E+000, 5.2175120E-003, 0.0000000E+000
 1.7744345E+002, 2.3933031E+002,-7.8260199E+001,-1.0643004E+002,-5.6776223E+001,-1.5572954E-002, 0.0000000E+000, 0.0000000E+000,-2.1047072E+000,-2.1517314E+000, 0.0000000E+000, 5.2175120E-003, 0.0000000E+000
 1.7841495E+002, 2.3915418E+002,-7.8779683E+001,-1.0325016E+002,-5.6605417E+001,-1.5542857E-002, 0.0000000E+000, 0.0000000E+000, 5.6602686E-001, 5.0338086E-001, 0.0000000E+000, 5.2175120E-003, 0.0000000E+000
 1.7938673E+002, 2.4023516E+002,-7.8904489E+001,-1.0043758E+002,-5.7561486E+001,-1.5485748E-002, 0.0000000E+000, 0.0000000E+000, 3.4969442E+000, 3.3161168E+000, 0.0000000E+000, 5.2175120E-003, 0.0000000E+000
 1.8035509E+002, 2.3690947E+002,-7.8381761E+001,-1.0697105E+002,-5.8648685E+001,-1.5499420E-002, 0.0000000E+000, 0.0000000E+000,-6.8698031E+000,-7.1075221E+000, 0.0000000E+000, 5.2175120E-003, 0.0000000E+000
 1.8132742E+002, 2.4338472E+002,-7.9750957E+001,-1.0256634E+002,-5.9155357E+001,-1.5452521E-002, 0.0000000E+000, 0.0000000E+000, 2.0683125E+000, 1.8966142E+000, 0.0000000E+000, 5.2175120E-003, 0.0000000E+000
 1.8229118E+002, 2.3998143E+002,-7.9082509E+001,-1.0626566E+002,-5.8340787E+001,-1.5438767E-002, 0.0000000E+000, 0.0000000E+000,-3.7935000E+000,-3.7229574E+000, 0.0000000E+000, 5.2175120E-003, 0.0000000E+000
 1.8326100E+002, 2.4023891E+002,-7.8330497E+001,-1.0712497E+002,-5.7037794E+001,-1.5526991E-002, 0.0000000E+000, 0.0000000E+000,-2.0175304E+000,-2.2698746E+000, 0.0000000E+000, 5.2175120E-003, 0.0000000E+000
 1.8423366E+002, 2.3431759E+002,-7.7242983E+001,-1.0886022E+002,-5.6186235E+001,-1.5502140E-002, 0.0000000E+000, 0.0000000E+000,-7.8452334E+000,-7.9873536E+000, 0.0000000E+000, 5.2175120E-003, 0.0000000E+000
 1.8520943E+002, 2.3954005E+002,-7.8753449E+001,-1.1000484E+002,-5.5864260E+001,-1.5411122E-002, 0.0000000E+000, 0.0000000E+000,-5.1356475E+000,-5.0979077E+000, 0.0000000E+000, 5.2175120E-003, 0.0000000E+000
 1.8618086E+002, 2.3863196E+002,-7.8247489E+001,-9.8258020E+001,-5.5270112E+001,-1.5354313E-002, 0.0000000E+000, 0.0000000E+000, 7.0075402E+000, 6.8409856E+000, 0.0000000E+000, 5.2175120E-003, 0.0000000E+000
 1.8714662E+002, 2.4543045E+002,-8.0013007E+001,-1.0592386E+002,-5.7493007E+001,-1.5396065E-002, 0.0000000E+000, 0.0000000E+000, 2.1580179E+000, 1.9851790E+000, 0.0000000E+000, 5.2175120E-003, 0.0000000E+000
 1.8811061E+002, 2.4133247E+002,-7.8896227E+001,-1.0767090E+002,-5.6859854E+001,-1.5504055E-002, 0.0000000E+000, 0.0000000E+000,-1.7265830E+000,-2.1100143E+000, 0.0000000E+000, 5.2175120E-003, 0.0000000E+000
 1.8908432E+002, 2.3967453E+002,-7.8808615E+001,-1.1262054E+002,-5.5384058E+001,-1.5547209E-002, 0.0000000E+000, 0.0000000E+000,-7.1161746E+000,-7.1542218E+000, 0.0000000E+000, 5.2175120E-003, 0.0000000E+000
 1.9005869E+002, 2.4018813E+002,-7.8666937E+001,-9.9515772E+001,-5.6747885E+001,-1.5486973E-002, 0.0000000E+000, 0.0000000E+000, 5.4074586E+000, 5.2420508E+000, 0.0000000E+000, 5.2175120E-003, 0.0000000E+000
 1.9102673E+002, 2.3701893E+002,-7.7757878E+001,-1.0178393E+002,-5.6574929E+001,-1.5571961E-002, 0.0000000E+000, 0.0000000E+000, 9.3245692E-001, 8.8661904E-001, 0.0000000E+000, 5.2175120E-003, 0.0000000E+000
 1.9199045E+002, 2.3968078E+002,-7.8616608E+001,-9.6245553E+001,-5.6775348E+001,-1.5475331E-002, 0.0000000E+000, 0.0000000E+000, 8.3367164E+000, 8.0277954E+000, 0.0000000E+000, 5.2175120E-003, 0.0000000E+000
 1.9296097E+002, 2.4182407E+002,-7.9600705E+001,-1.0362493E+002,-5.6852487E+001,-1.5520616E-002, 0.0000000E+000, 0.0000000E+000, 1.7254637E+000, 1.7304223E+000, 0.0000000E+000, 5.2175120E-003, 0.0000000E+000
 1.9393289E+002, 2.3860794E+002,-7.8590401E+001,-1.1431431E+002,-5.8601646E+001,-1.5525946E-002, 0.0000000E+000, 0.0000000E+000,-1.2574312E+001,-1.2913948E+001, 0.0000000E+000, 5.2175120E-003, 0.0000000E+000
 1.9490848E+002, 2.3892722E+002,-7.8590932E+001,-1.1226875E+002,-5.7939288E+001,-1.5409708E-002, 0.0000000E+000, 0.0000000E+000,-9.6584634E+000,-9.8871615E+000, 0.0000000E+000, 5.2175120E-003, 0.0000000E+000
 1.9588229E+002, 2.4292339E+002,-7.9231045E+001,-9.8761506E+001,-5.7266586E+001,-1.5542216E-002, 0.0000000E+000, 0.0000000E+000, 7.7119308E+000, 7.6487088E+000, 0.0000000E+000, 5.2175120E-003, 0.0000000E+000
 1.9684256E+002, 2.4056832E+002,-7.9012662E+001,-1.0085499E+002,-5.7823610E+001,-1.5538240E-002, 0.0000000E+000, 0.0000000E+000, 3.1195583E+000, 2.8615287E+000, 0.0000000E+000, 5.2175120E-003, 0.0000000E+000
 1.9781876E+002, 2.4024957E+002,-7.8758132E+001,-1.1031880E+002,-5.7415542E+001,-1.5579987E-002, 0.0000000E+000, 0.0000000E+000,-6.2051140E+000,-6.2584770E+000, 0.0000000E+000, 5.2175120E-003, 0.0000000E+000
 1.9878357E+002, 2.3865983E+002,-7.8657947E+001,-1.0431365E+002,-5.7066421E+001,-1.5569934E-002, 0.0000000E+000, 0.0000000E+000,-1.4762781E+000,-1.3937525E+000, 0.0000000E+000, 5.2175120E-003, 0.0000000E+000
 1.9975084E+002, 2.3941081E+002,-7.8567379E+001,-9.7812579E+001,-5.7018292E+001,-1.5587182E-002, 0.0000000E+000, 0.0000000E+000, 6.1638771E+000, 5.9969700E+000, 0.0000000E+000, 5.2175120E-003, 0.0000000E+000
 2.0072763E+002, 2.4015545E+002,-7.9118834E+001,-1.0292236E+002,-5.7799347E+001,-1.5471742E-002, 0.0000000E+000, 0.0000000E+000, 5.9697437E-001, 2.9943661E-001, 0.0000000E+000, 5.2175120E-003, 0.0000000E+000
 2.0170128E+002, 2.4154621E+002,-7.8863106E+001,-1.0197026E+002,-5.8344743E+001,-1.5507210E-002, 0.0000000E+000, 0.0000000E+000, 2.3976366E+000, 2.3525995E+000, 0.0000000E+000, 5.2175120E-003, 0.0000000E+000
 2.0266797E+002, 2.3984261E+002,-7.8966067E+001,-1.0111478E+002,-5.7534411E+001,-1.5495298E-002, 0.0000000E+000, 0.0000000E+000, 2.3929014E+000, 2.2118497E+000, 0.0000000E+000, 5.2175120E-003, 0.0000000E+000
 2.0364221E+002, 2.4051922E+002,-7.8991735E+001,-1.0227966E+002,-5.5931773E+001,-1.5497304E-002, 0.0000000E+000, 0.0000000E+000, 3.3873256E+000, 3.3005513E+000, 0.0000000E+000, 5.2175120E-003, 0.0000000E+000
 2.0460744E+002, 2.4005319E+002,-7.8969725E+001,-1.1172879E+002,-5.7538340E+001,-1.5549942E-002, 0.0000000E+000, 0.0000000E+000,-8.0800075E+000,-8.1992070E+000, 0.0000000E+000, 5.2175120E-003, 0.0000000E+000
 2.0557303E+002, 2.3845964E+002,-7.8638321E+001,-9.7572744E+001,-5.7917543E+001,-1.5543007E-002, 0.0000000E+000, 0.0000000E+000, 4.4756178E+000, 4.3154869E+000, 0.0000000E+000, 5.2175120E-003, 0.0000000E+000
 2.0654404E+002, 2.3905806E+002,-7.8656041E+001,-1.0397321E+002,-5.8289709E+001,-1.5527683E-002, 0.0000000E+000, 0.0000000E+000,-1.6321261E+000,-1.8764280E+000, 0.0000000E+000, 5.2175120E-003, 0.0000000E+000
 2.0751291E+002, 2.3825565E+002,-7.8204108E+001,-1.0748374E+002,-5.6824363E+001,-1.5536519E-002, 0.0000000E+000, 0.0000000E+000,-4.0607879E+000,-4.2720964E+000, 0.0000000E+000, 5.2175120E-003, 0.0000000E+000
 2.0848773E+002, 2.4231000E+002,-7.9376097E+001,-1.0832522E+002,-5.7550668E+001,-1.5474885E-002, 0.0000000E+000, 0.0000000E+000,-2.9993039E+000,-2.9574558E+000, 0.0000000E+000, 5.2175120E-003, 0.0000000E+000
 2.0945491E+002, 2.3946954E+002,-7.8227772E+001,-1.0323693E+002,-5.9522625E+001,-1.5521974E-002, 0.0000000E+000, 0.0000000E+000,-1.1582229E+000,-1.5333157E+000, 0.0000000E+000, 5.2175120E-003, 0.0000000E+000
 2.1042317E+002, 2.3813096E+002,-7.8039812E+001,-1.1085275E+002,-5.8979946E+001,-1.5540451E-002, 0.0000000E+000, 0.0000000E+000,-9.1110148E+000,-9.7570935E+000, 0.0000000E+000, 5.2175120E-003, 0.0000000E+000
 2.1139290E+002, 2.4074969E+002,-7.8580713E+001,-1.0241955E+002,-5.6465365E+001,-1.5440408E-002, 0.0000000E+000, 0.0000000E+000, 3.2529987E+000, 3.2686198E+000, 0.0000000E+000, 5.2175120E-003, 0.0000000E+000
 2.1236018E+002, 2.4095058E+002,-7.8793858E+001,-9.8201082E+001,-5.7045280E+001,-1.5498697E-002, 0.0000000E+000, 0.0000000E+000, 6.9442351E+000, 6.8948592E+000, 0.0000000E+000, 5.2175120E-003, 0.0000000E+000
 2.1333687E+002, 2.3838457E+002,-7.7867051E+001,-9.8158744E+001,-5.6864307E+001,-1.5596657E-002, 0.0000000E+000, 0.0000000E+000, 5.4874384E+000, 5.4788745E+000, 0.0000000E+000, 5.2175120E-003, 0.0000000E+000
 2.1430872E+002, 2.4056686E+002,-7.8614189E+001,-1.0198724E+002,-5.7277512E+001,-1.5542902E-002, 0.0000000E+000, 0.0000000E+000, 2.8493885E+000, 2.6723768E+000, 0.0000000E+000, 5.2175120E-003, 0.0000000E+000
 2.1527864E+002, 2.4032686E+002,-7.8279983E+001,-1.0379407E+002,-5.5789178E+001,-1.5474819E-002, 0.0000000E+000, 0.0000000E+000, 2.5212960E+000, 2.4481529E+000, 0.0000000E+000, 5.2175120E-003, 0.0000000E+000
 2.1624403E+002, 2.3894128E+002,-7.8075809E+001,-9.9873357E+001,-5.6162322E+001,-1.5528186E-002, 0.0000000E+000, 0.0000000E+000, 4.9752318E+000, 4.8142620E+000, 0.0000000E+000, 5.2175120E-003, 0.0000000E+000
 2.1721523E+002, 2.4228932E+002,-7.9433502E+001,-9.5753131E+001,-5.7104962E+001,-1.5519363E-002, 0.0000000E+000, 0.0000000E+000, 1.0258564E+001, 9.9822054E+000, 0.0000000E+000, 5.2175120E-003, 0.0000000E+000
 2.1819359E+002, 2.4062816E+002,-7.8960053E+001,-9.6048130E+001,-5.8104852E+001,-1.5485457E-002, 0.0000000E+000, 0.0000000E+000, 7.6755686E+000, 7.4996443E+000, 0.0000000E+000, 5.2175120E-003, 0.0000000E+000
 2.1915514E+002, 2.3788542E+002,-7.8015959E+001,-1.0736214E+002,-5.6669680E+001,-1.5523658E-002, 0.0000000E+000, 0.0000000E+000,-4.0268976E+000,-4.1778832E+000, 0.0000000E+000, 5.2175120E-003, 0.0000000E+000
 2.2012630E+002, 2.3921036E+002,-7.8487221E+001,-1.1224480E+002,-5.6883734E+001,-1.5545858E-002, 0.0000000E+000, 0.0000000E+000,-8.2309007E+000,-8.4209368E+000, 0.0000000E+000, 5.2175120E-003, 0.0000000E+000
 2.2110179E+002, 2.3980540E+002,-7.9088331E+001,-1.0853991E+002,-5.8518116E+001,-1.5432534E-002, 0.0000000E+000, 0.0000000E+000,-6.2739735E+000,-6.3563943E+000, 0.0000000E+000, 5.2175120E-003, 0.0000000E+000
 2.2206335E+002, 2.4140780E+002,-7.9436696E+001,-1.0293320E+002,-5.9943734E+001,-1.5447644E-002, 0.0000000E+000, 0.0000000E+000,-1.0041831E+000,-9.2128069E-001, 0.0000000E+000, 5.2175120E-003, 0.0000000E+000
 2.2303825E+002, 2.4075582E+002,-7.8431475E+001,-1.0321348E+002,-6.0242333E+001,-1.5417917E-002, 0.0000000E+000, 0.0000000E+000,-7.7156326E-001,-1.1468825E+000, 0.0000000E+000, 5.2175120E-003, 0.0000000E+000
 2.2400011E+002, 2.3842063E+002,-7.8161683E+001,-9.4380521E+001,-5.7316060E+001,-1.5440761E-002, 0.0000000E+000, 0.0000000E+000, 8.5897862E+000, 8.5469206E+000, 0.0000000E+000, 5.2175120E-003, 0.0000000E+000
 2.2497844E+002, 2.4126637E+002,-7.9014595E+001,-1.0063111E+002,-5.6893754E+001,-1.5527181E-002, 0.0000000E+000, 0.0000000E+000, 4.9058466E+000, 4.7113866E+000, 0.0000000E+000, 5.2175120E-003, 0.0000000E+000
 2.2594479E+002, 2.3974884E+002,-7.8986863E+001,-1.1232012E+002,-5.7603427E+001,-1.5483463E-002, 0.0000000E+000, 0.0000000E+000,-9.0943902E+000,-9.1770568E+000, 0.0000000E+000, 5.2175120E-003, 0.0000000E+000
 2.2692015E+002, 2.4088046E+002,-7.9140214E+001,-1.0938022E+002,-5.8004688E+001,-1.5465313E-002, 0.0000000E+000, 0.0000000E+000,-5.7967956E+000,-5.6601239E+000, 0.0000000E+000, 5.2175120E-003, 0.0000000E+000
 2.2788142E+002, 2.3785618E+002,-7.8024035E+001,-1.0735054E+002,-5.8303448E+001,-1.5475105E-002, 0.0000000E+000, 0.0000000E+000,-5.6633788E+000,-5.8373202E+000, 0.0000000E+000, 5.2175120E-003, 0.0000000E+000
 2.2886000E+002, 2.4220909E+002,-7.8949676E+001,-1.0432536E+002,-5.6771808E+001,-1.5545504E-002, 0.0000000E+000, 0.0000000E+000, 2.2879167E+000, 2.1467009E+000, 0.0000000E+000, 5.2175120E-003, 0.0000000E+000
 2.2982579E+002, 2.4082025E+002,-7.8974396E+001,-1.0185201E+002,-5.7014472E+001,-1.5481859E-002, 0.0000000E+000, 0.0000000E+000, 3.2305095E+000, 2.9638858E+000, 0.0000000E+000, 5.2175120E-003, 0.0000000E+000
 2.3079608E+002, 2.3925624E+002,-7.8509246E+001,-1.0498696E+002,-5.7261843E+001,-1.5472749E-002, 0.0000000E+000, 0.0000000E+000,-1.3153741E+000,-1.5172775E+000, 0.0000000E+000, 5.2175120E-003, 0.0000000E+000
 2.3176740E+002, 2.4098480E+002,-7.8735228E+001,-9.9987509E+001,-5.7082345E+001,-1.5538177E-002, 0.0000000E+000, 0.0000000E+000, 5.1771541E+000, 5.1641792E+000, 0.0000000E+000, 5.2175120E-003, 0.0000000E+000
 2.3273431E+002, 2.3941515E+002,-7.8733840E+001,-1.0834978E+002,-5.7038347E+001,-1.5555542E-002, 0.0000000E+000, 0.0000000E+000,-4.5662921E+000,-4.7223784E+000, 0.0000000E+000, 5.2175120E-003, 0.0000000E+000
 2.3370107E+002, 2.3756101E+002,-7.8267750E+001,-1.1246072E+002,-5.7731822E+001,-1.5603323E-002, 0.0000000E+000, 0.0000000E+000,-1.0939910E+001,-1.0914882E+001, 0.0000000E+000, 5.2175120E-003, 0.0000000E+000
 2.3467848E+002, 2.4019229E+002,-7.8084665E+001,-1.0902719E+002,-5.5660700E+001,-1.5506650E-002, 0.0000000E+000, 0.0000000E+000,-2.5715672E+000,-2.5957663E+000, 0.0000000E+000, 5.2175120E-003, 0.0000000E+000
 2.3564815E+002, 2.4172133E+002,-7.9164304E+001,-1.0292258E+002,-5.7189198E+001,-1.5455869E-002, 0.0000000E+000, 0.0000000E+000, 2.6332932E+000, 2.4297897E+000, 0.0000000E+000, 5.2175120E-003, 0.0000000E+000
 2.3661493E+002, 2.3856155E+002,-7.7986272E+001,-1.0204425E+002,-5.8266358E+001,-1.5572697E-002, 0.0000000E+000, 0.0000000E+000, 6.4221704E-001, 2.4909367E-001, 0.0000000E+000, 5.2175120E-003, 0.0000000E+000
 2.3758994E+002, 2.3853613E+002,-7.7651102E+001,-1.0116012E+002,-5.4835694E+001,-1.5467067E-002, 0.0000000E+000, 0.0000000E+000, 4.6638383E+000, 4.8737488E+000, 0.0000000E+000, 5.2175120E-003, 0.0000000E+000
 2.3855374E+002, 2.4008722E+002,-7.8547872E+001,-1.0124057E+002,-5.5723454E+001,-1.5442686E-002, 0.0000000E+000, 0.0000000E+000, 4.5466968E+000, 4.5598736E+000, 0.0000000E+000, 5.2175120E-003, 0.0000000E+000
 2.3952231E+002, 2.4174057E+002,-7.8689547E+001,-9.8880125E+001,-5.6675026E+001,-1.5489498E-002, 0.0000000E+000, 0.0000000E+000, 7.6013619E+000, 7.4803788E+000, 0.0000000E+000, 5.2175120E-003, 0.0000000E+000
 2.4049249E+002, 2.3986409E+002,-7.8344630E+001,-1.0604422E+002,-5.7119341E+001,-1.5494958E-002, 0.0000000E+000, 0.0000000E+000,-1.4733274E+000,-1.6595933E+000, 0.0000000E+000, 5.2175120E-003, 0.0000000E+000
 2.4146097E+002, 2.3770451E+002,-7.8143929E+001,-1.1169778E+002,-5.5965570E+001,-1.5476138E-002, 0.0000000E+000, 0.0000000E+000,-8.0789730E+000,-8.1182517E+000, 0.0000000E+000, 5.2175120E-003, 0.0000000E+000
 2.4243260E+002, 2.4379504E+002,-7.9329258E+001,-1.0156328E+002,-5.5760178E+001,-1.5550954E-002, 0.0000000E+000, 0.0000000E+000, 7.3348308E+000, 7.1267755E+000, 0.0000000E+000, 5.2175120E-003, 0.0000000E+000
 2.4340863E+002, 2.3940295E+002,-7.8294589E+001,-1.0653512E+002,-5.6472847E+001,-1.5542909E-002, 0.0000000E+000, 0.0000000E+000,-1.8745542E+000,-1.9151498E+000, 0.0000000E+000, 5.2175120E-003, 0.0000000E+000
 2.4437027E+002, 2.3899510E+002,-7.8317655E+001,-9.7587276E+001,-5.6378329E+001,-1.5521262E-002, 0.0000000E+000, 0.0000000E+000, 6.6569503E+000, 6.6963237E+000, 0.0000000E+000, 5.2175120E-003, 0.0000000E+000
 2.4534587E+002, 2.3853155E+002,-7.8402651E+001,-1.1033389E+002,-5.5534775E+001,-1.5416753E-002, 0.0000000E+000, 0.0000000E+000,-5.4708337E+000,-5.7551864E+000, 0.0000000E+000, 5.2175120E-003, 0.0000000E+000
 2.4631624E+002, 2.4050296E+002,-7.8431844E+001,-1.0476822E+002,-5.5594653E+001,-1.5491190E-002, 0.0000000E+000, 0.0000000E+000, 1.4306794E+000, 1.6927580E+000, 0.0000000E+000, 5.2175120E-003, 0.0000000E+000
 2.4728853E+002, 2.3863468E+002,-7.8724105E+001,-1.0591770E+002,-5.7098565E+001,-1.5453854E-002, 0.0000000E+000, 0.0000000E+000,-2.7042176E+000,-3.1211443E+000, 0.0000000E+000, 5.2175120E-003, 0.0000000E+000
 2.4825623E+002, 2.4177920E+002,-7.8868592E+001,-1.1043230E+002,-5.6837397E+001,-1.5406420E-002, 0.0000000E+000, 0.0000000E+000,-4.4996829E+000,-4.3744934E+000, 0.0000000E+000, 5.2175120E-003, 0.0000000E+000
 2.4922064E+002, 2.4029710E+002,-7.9147818E+001,-9.6238374E+001,-5.6466225E+001,-1.5547991E-002, 0.0000000E+000, 0.0000000E+000, 8.5874967E+000, 8.4291329E+000, 0.0000000E+000, 5.2175120E-003, 0.0000000E+000
 2.5019778E+002, 2.4039255E+002,-7.9352725E+001,-9.9445228E+001,-5.7861807E+001,-1.5488398E-002, 0.0000000E+000, 0.0000000E+000, 3.9339538E+000, 3.7173045E+000, 0.0000000E+000, 5.2175120E-003, 0.0000000E+000
 2.5116875E+002, 2.4047478E+002,-7.8948647E+001,-1.0947293E+002,-5.9585864E+001,-1.5434404E-002, 0.0000000E+000, 0.0000000E+000,-7.0301187E+000,-7.5480956E+000, 0.0000000E+000, 5.2175120E-003, 0.0000000E+000
 2.5213852E+002, 2.3932658E+002,-7.8500896E+001,-1.0970711E+002,-5.7735348E+001,-1.5457809E-002, 0.0000000E+000, 0.0000000E+000,-6.2929743E+000,-6.6322332E+000, 0.0000000E+000, 5.2175120E-003, 0.0000000E+000
 2.5310805E+002, 2.3835167E+002,-7.8200235E+001,-9.9337629E+001,-5.6442092E+001,-1.5484640E-002, 0.0000000E+000, 0.0000000E+000, 4.3881881E+000, 4.3562288E+000, 0.0000000E+000, 5.2175120E-003, 0.0000000E+000
 2.5407115E+002, 2.4239206E+002,-7.9389808E+001,-9.5456156E+001,-5.7100626E+001,-1.5519649E-002, 0.0000000E+000, 0.0000000E+000, 1.0633297E+001, 1.0429951E+001, 0.0000000E+000, 5.2175120E-003, 0.0000000E+000
 2.5504472E+002, 2.3891609E+002,-7.8775716E+001,-1.0297682E+002,-5.7983566E+001,-1.5516334E-002, 0.0000000E+000, 0.0000000E+000,-7.9653342E-001,-8.3552285E-001, 0.0000000E+000, 5.2175120E-003, 0.0000000E+000
 2.5601202E+002, 2.4030293E+002,-7.8702210E+001,-1.0544960E+002,-5.7074693E+001,-1.5442297E-002, 0.0000000E+000, 0.0000000E+000,-7.2480069E-001,-9.3901803E-001, 0.0000000E+000, 5.2175120E-003, 0.0000000E+000
 2.5698242E+002, 2.4022433E+002,-7.8707584E+001,-1.1837865E+002,-5.5005417E+001,-1.5482469E-002, 0.0000000E+000, 0.0000000E+000,-1.1846791E+001,-1.1882805E+001, 0.0000000E+000, 5.2175120E-003, 0.0000000E+000
 2.5796014E+002, 2.3738685E+002,-7.8184586E+001,-9.7679488E+001,-5.7921441E+001,-1.5488557E-002, 0.0000000E+000, 0.0000000E+000, 3.7042006E+000, 3.5858496E+000, 0.0000000E+000, 5.2175120E-003, 0.0000000E+000
 2.5892963E+002, 2.4164375E+002,-7.9179012E+001,-1.0076013E+002,-5.7241342E+001,-1.5484860E-002, 0.0000000E+000, 0.0000000E+000, 4.5991469E+000, 4.4477825E+000, 0.0000000E+000, 5.2175120E-003, 0.0000000E+000
 2.5989120E+002, 2.4192243E+002,-7.9075086E+001,-1.1082861E+002,-5.7446491E+001,-1.5594007E-002, 0.0000000E+000, 0.0000000E+000,-5.1654625E+000,-5.4433491E+000, 0.0000000E+000, 5.2175120E-003, 0.0000000E+000
 2.6087067E+002, 2.4079214E+002,-7.9212171E+001,-1.0550606E+002,-5.7952080E+001,-1.5474037E-002, 0.0000000E+000, 0.0000000E+000,-1.8731403E+000,-1.8936437E+000, 0.0000000E+000, 5.2175120E-003, 0.0000000E+000
 2.6183575E+002, 2.3894131E+002,-7.8222059E+001,-1.0884146E+002,-5.6160819E+001,-1.5572094E-002, 0.0000000E+000, 0.0000000E+000,-4.0635255E+000,-4.2986002E+000, 0.0000000E+000, 5.2175120E-003, 0.0000000E+000
 2.6280933E+002, 2.3932643E+002,-7.8494168E+001,-1.0249337E+002,-5.6791155E+001,-1.5576062E-002, 0.0000000E+000, 0.0000000E+000, 1.7298748E+000, 1.5321637E+000, 0.0000000E+000, 5.2175120E-003, 0.0000000E+000
 2.6377133E+002, 2.3754732E+002,-7.7669942E+001,-1.0176964E+002,-5.5795056E+001,-1.5441197E-002, 0.0000000E+000, 0.0000000E+000, 2.2441758E+000, 2.2972439E+000, 0.0000000E+000, 5.2175120E-003, 0.0000000E+000
 2.6475223E+002, 2.4141847E+002,-7.8849577E+001,-1.0221303E+002,-5.5166246E+001,-1.5533040E-002, 0.0000000E+000, 0.0000000E+000, 5.4736283E+000, 5.1740836E+000, 0.0000000E+000, 5.2175120E-003, 0.0000000E+000
 2.6571478E+002, 2.3930138E+002,-7.8843760E+001,-9.9799427E+001,-5.6393858E+001,-1.5470741E-002, 0.0000000E+000, 0.0000000E+000, 4.1756620E+000, 4.2488676E+000, 0.0000000E+000, 5.2175120E-003, 0.0000000E+000
 2.6668597E+002, 2.4098792E+002,-7.9025515E+001,-9.6183371E+001,-5.7202982E+001,-1.5522064E-002, 0.0000000E+000, 0.0000000E+000, 8.8109945E+000, 8.5605298E+000, 0.0000000E+000, 5.2175120E-003, 0.0000000E+000
 2.6765320E+002, 2.3923826E+002,-7.8787039E+001,-1.1390680E+002,-5.8008034E+001,-1.5559446E-002, 0.0000000E+000, 0.0000000E+000,-1.1073117E+001,-1.1479168E+001, 0.0000000E+000, 5.2175120E-003, 0.0000000E+000
 2.6862747E+002, 2.4113134E+002,-7.8728442E+001,-1.0816302E+002,-5.7256766E+001,-1.5463095E-002, 0.0000000E+000, 0.0000000E+000,-2.9206063E+000,-3.0323486E+000, 0.0000000E+000, 5.2175120E-003, 0.0000000E+000
 2.6959146E+002, 2.4056342E+002,-7.8320122E+001,-1.0817572E+002,-5.7709282E+001,-1.5596048E-002, 0.0000000E+000, 0.0000000E+000,-3.2889544E+000,-3.6573065E+000, 0.0000000E+000, 5.2175120E-003, 0.0000000E+000
 2.7056027E+002, 2.3969078E+002,-7.8871393E+001,-1.0967769E+002,-5.6797906E+001,-1.5537500E-002, 0.0000000E+000, 0.0000000E+000,-5.8844444E+000,-5.6717454E+000, 0.0000000E+000, 5.2175120E-003, 0.0000000E+000
 2.7153079E+002, 2.3995447E+002,-7.8810953E+001,-9.9545217E+001,-5.6393049E+001,-1.5572963E-002, 0.0000000E+000, 0.0000000E+000, 5.4157789E+000, 5.1896826E+000, 0.0000000E+000, 5.2175120E-003, 0.0000000E+000
 2.7250375E+002, 2.3949951E+002,-7.8639825E+001,-1.1083454E+002,-5.7846138E+001,-1.5480568E-002, 0.0000000E+000, 0.0000000E+000,-7.8645032E+000,-7.8364735E+000, 0.0000000E+000, 5.2175120E-003, 0.0000000E+000
 2.7347244E+002, 2.3828419E+002,-7.8687210E+001,-9.8596302E+001,-5.7608326E+001,-1.5473816E-002, 0.0000000E+000, 0.0000000E+000, 3.5278759E+000, 3.3768808E+000, 0.0000000E+000, 5.2175120E-003, 0.0000000E+000
 2.7444568E+002, 2.3870839E+002,-7.8218438E+001,-9.8244071E+001,-5.8027046E+001,-1.5409361E-002, 0.0000000E+000, 0.0000000E+000, 4.2818204E+000, 4.2034202E+000, 0.0000000E+000, 5.2175120E-003, 0.0000000E+000
 2.7541608E+002, 2.4347238E+002,-7.9579016E+001,-1.0615669E+002,-5.6432513E+001,-1.5425054E-002, 0.0000000E+000, 0.0000000E+000, 1.2393971E+000, 1.2887342E+000, 0.0000000E+000, 5.2175120E-003, 0.0000000E+000
 2.7638165E+002, 2.4067859E+002,-7.8723964E+001,-9.7274957E+001,-5.6464853E+001,-1.5540739E-002, 0.0000000E+000, 0.0000000E+000, 8.4364190E+000, 8.1992702E+000, 0.0000000E+000, 5.2175120E-003, 0.0000000E+000
 2.7735071E+002, 2.3984107E+002,-7.9102262E+001,-1.0048632E+002,-5.6905445E+001,-1.5541989E-002, 0.0000000E+000, 0.0000000E+000, 3.4060935E+000, 3.3314973E+000, 0.0000000E+000, 5.2175120E-003, 0.0000000E+000
 2.7832800E+002, 2.3869334E+002,-7.8558636E+001,-1.0402355E+002,-5.7642084E+001,-1.5477864E-002, 0.0000000E+000, 0.0000000E+000,-1.2687050E+000,-1.5464133E+000, 0.0000000E+000, 5.2175120E-003, 0.0000000E+000
 2.7929648E+002, 2.4051592E+002,-7.9207754E+001,-1.0616545E+002,-5.7016459E+001,-1.5471525E-002, 0.0000000E+000, 0.0000000E+000,-1.7339002E+000,-1.8892104E+000, 0.0000000E+000, 5.2175120E-003, 0.0000000E+000
 2.8027017E+002, 2.3846338E+002,-7.8260894E+001,-1.0903663E+002,-5.6975112E+001,-1.5514424E-002, 0.0000000E+000, 0.0000000E+000,-5.8533995E+000,-5.8247695E+000, 0.0000000E+000, 5.2175120E-003, 0.0000000E+000
 2.8123169E+002, 2.4195875E+002,-7.9311153E+001,-1.1292961E+002,-5.7957480E+001,-1.5505119E-002, 0.0000000E+000, 0.0000000E+000,-7.9843927E+000,-8.2549972E+000, 0.0000000E+000, 5.2175120E-003, 0.0000000E+000
 2.8220035E+002, 2.4040028E+002,-7.8958601E+001,-1.0251315E+002,-5.6740274E+001,-1.5500389E-002, 0.0000000E+000, 0.0000000E+000, 2.2049350E+000, 2.1727479E+000, 0.0000000E+000, 5.2175120E-003, 0.0000000E+000
 2.8318106E+002, 2.3714504E+002,-7.8062557E+001,-9.1084244E+001,-5.6891755E+001,-1.5458381E-002, 0.0000000E+000, 0.0000000E+000, 1.1188638E+001, 1.1091030E+001, 0.0000000E+000, 5.2175120E-003, 0.0000000E+000
 2.8414368E+002, 2.4254498E+002,-7.9568537E+001,-9.5891471E+001,-5.7047703E+001,-1.5529629E-002, 0.0000000E+000, 0.0000000E+000, 1.0115183E+001, 1.0021739E+001, 0.0000000E+000, 5.2175120E-003, 0.0000000E+000
 2.8511151E+002, 2.4116242E+002,-7.9682385E+001,-1.0375316E+002,-5.7994704E+001,-1.5532092E-002, 0.0000000E+000, 0.0000000E+000,-1.9315114E-001,-2.8336899E-001, 0.0000000E+000, 5.2175120E-003, 0.0000000E+000
 2.8608524E+002, 2.3760491E+002,-7.8389890E+001,-1.1031094E+002,-5.7617073E+001,-1.5491107E-002, 0.0000000E+000, 0.0000000E+000,-8.6050312E+000,-8.7284836E+000, 0.0000000E+000, 5.2175120E-003, 0.0000000E+000
 2.8705780E+002, 2.3932396E+002,-7.8475165E+001,-1.0599509E+002,-5.6856012E+001,-1.5441239E-002, 0.0000000E+000, 0.0000000E+000,-2.0190205E+000,-2.0177487E+000, 0.0000000E+000, 5.2175120E-003, 0.0000000E+000
 2.8803134E+002, 2.4114083E+002,-7.8866685E+001,-1.0856072E+002,-5.7645538E+001,-1.5442023E-002, 0.0000000E+000, 0.0000000E+000,-3.4878847E+000,-3.9475584E+000, 0.0000000E+000, 5.2175120E-003, 0.0000000E+000
 2.8899753E+002, 2.4054801E+002,-7.9274970E+001,-1.0611787E+002,-5.7724975E+001,-1.5535238E-002, 0.0000000E+000, 0.0000000E+000,-2.4779174E+000,-2.5853443E+000, 0.0000000E+000, 5.2175120E-003, 0.0000000E+000
 2.8996292E+002, 2.3754511E+002,-7.7768121E+001,-1.0374671E+002,-5.8637468E+001,-1.5470461E-002, 0.0000000E+000, 0.0000000E+000,-2.1051800E+000,-2.6226629E+000, 0.0000000E+000, 5.2175120E-003, 0.0000000E+000
 2.9093210E+002, 2.4178423E+002,-7.8850789E+001,-1.0386270E+002,-5.6503751E+001,-1.5507223E-002, 0.0000000E+000, 0.0000000E+000, 2.5419441E+000, 2.5514782E+000, 0.0000000E+000, 5.2175120E-003, 0.0000000E+000
 2.9191055E+002, 2.3949078E+002,-7.8444003E+001,-9.6525585E+001,-5.4879863E+001,-1.5507497E-002, 0.0000000E+000, 0.0000000E+000, 9.6945295E+000, 9.6258176E+000, 0.0000000E+000, 5.2175120E-003, 0.0000000E+000
 2.9287607E+002, 2.4065243E+002,-7.8836688E+001,-9.7706429E+001,-5.5779030E+001,-1.5544024E-002, 0.0000000E+000, 0.0000000E+000, 8.6157556E+000, 8.3147409E+000, 0.0000000E+000, 5.2175120E-003, 0.0000000E+000
 2.9384274E+002, 2.3988726E+002,-7.8548699E+001,-1.0426774E+002,-5.6178055E+001,-1.5447559E-002, 0.0000000E+000, 0.0000000E+000, 8.2206562E-001, 8.7732162E-001, 0.0000000E+000, 5.2175120E-003, 0.0000000E+000
 2.9481879E+002, 2.4133220E+002,-7.9141306E+001,-1.0986449E+002,-5.7456465E+001,-1.5451605E-002, 0.0000000E+000, 0.0000000E+000,-4.9273829E+000,-5.1455095E+000, 0.0000000E+000, 5.2175120E-003, 0.0000000E+000
 2.9578024E+002, 2.3816668E+002,-7.8635888E+001,-1.1288372E+002,-5.7247415E+001,-1.5459665E-002, 0.0000000E+000, 0.0000000E+000,-1.0333366E+001,-1.0615798E+001, 0.0000000E+000, 5.2175120E-003, 0.0000000E+000
 2.9676154E+002, 2.3866577E+002,-7.8561085E+001,-1.0245707E+002,-5.6687238E+001,-1.5370760E-002, 0.0000000E+000, 0.0000000E+000, 8.0818036E-001, 9.4499994E-001, 0.0000000E+000, 5.2175120E-003, 0.0000000E+000
 2.9772144E+002, 2.4276774E+002,-7.9631046E+001,-1.0498883E+002,-5.8061144E+001,-1.5540426E-002, 0.0000000E+000, 0.0000000E+000, 3.2258390E-001, 7.1178893E-002, 0.0000000E+000, 5.2175120E-003, 0.0000000E+000
 2.9869092E+002, 2.3715655E+002,-7.8331717E+001,-1.0958947E+002,-5.8835811E+001,-1.5476818E-002, 0.0000000E+000, 0.0000000E+000,-9.3906761E+000,-9.6159168E+000, 0.0000000E+000, 5.2175120E-003, 0.0000000E+000
 2.9966364E+002, 2.4133844E+002,-7.9087803E+001,-1.0455648E+002,-5.7314916E+001,-1.5457512E-002, 0.0000000E+000, 0.0000000E+000, 3.3412311E-001, 3.6378409E-001, 0.0000000E+000, 5.2175120E-003, 0.0000000E+000
 3.0063898E+002, 2.4017159E+002,-7.8454881E+001,-1.0309776E+002,-5.5334843E+001,-1.5479292E-002, 0.0000000E+000, 0.0000000E+000, 3.4503887E+000, 3.2686298E+000, 0.0000000E+000, 5.2175120E-003, 0.0000000E+000
 3.0160193E+002, 2.3762961E+002,-7.8475246E+001,-9.8883963E+001,-5.5809871E+001,-1.5508680E-002, 0.0000000E+000, 0.0000000E+000, 4.3712599E+000, 4.4450236E+000, 0.0000000E+000, 5.2175120E-003, 0.0000000E+000
 3.0257281E+002, 2.4140508E+002,-7.9048200E+001,-9.4874014E+001,-5.6999238E+001,-1.5491005E-002, 0.0000000E+000, 0.0000000E+000, 1.0678509E+001, 1.0468140E+001, 0.0000000E+000, 5.2175120E-003, 0.0000000E+000
 3.0354782E+002, 2.4011099E+002,-7.9229993E+001,-9.6795229E+001,-5.8648595E+001,-1.5396430E-002, 0.0000000E+000, 0.0000000E+000, 5.3757494E+000, 5.4217786E+000, 0.0000000E+000, 5.2175120E-003, 0.0000000E+000
 3.0451932E+002, 2.3896670E+002,-7.9195669E+001,-1.0177451E+002,-5.7687004E+001,-1.5495321E-002, 0.0000000E+000, 0.0000000E+000, 4.8446317E-001, 2.9403056E-001, 0.0000000E+000, 5.2175120E-003, 0.0000000E+000
 3.0548111E+002, 2.4019815E+002,-7.9098609E+001,-1.0731206E+002,-5.8286450E+001,-1.5547710E-002, 0.0000000E+000, 0.0000000E+000,-4.1666141E+000,-4.5145124E+000, 0.0000000E+000, 5.2175120E-003, 0.0000000E+000
 3.0645157E+002, 2.3955066E+002,-7.8775198E+001,-1.1178744E+002,-5.9630063E+001,-1.5486540E-002, 0.0000000E+000, 0.0000000E+000,-1.0447768E+001,-1.0657530E+001, 0.0000000E+000, 5.2175120E-003, 0.0000000E+000
 3.0742245E+002, 2.4155021E+002,-7.9149911E+001,-1.0829559E+002,-5.8225572E+001,-1.5490945E-002, 0.0000000E+000, 0.0000000E+000,-4.2367454E+000,-4.1363503E+000, 0.0000000E+000, 5.2175120E-003, 0.0000000E+000
 3.0839868E+002, 2.3677008E+002,-7.8109485E+001,-9.5219052E+001,-5.7309877E+001,-1.5422777E-002, 0.0000000E+000, 0.0000000E+000, 6.1281865E+000, 6.1162460E+000, 0.0000000E+000, 5.2175120E-003, 0.0000000E+000
 3.0937045E+002, 2.4059423E+002,-7.8923839E+001,-9.9969613E+001,-5.7546934E+001,-1.5334490E-002, 0.0000000E+000, 0.0000000E+000, 4.2107246E+000, 4.1385109E+000, 0.0000000E+000, 5.2175120E-003, 0.0000000E+000
 3.1033160E+002, 2.4368364E+002,-7.9772406E+001,-1.1104863E+002,-5.7363568E+001,-1.5419856E-002, 0.0000000E+000, 0.0000000E+000,-4.4664891E+000,-4.5163855E+000, 0.0000000E+000, 5.2175120E-003, 0.0000000E+000
 3.1130225E+002, 2.4050415E+002,-7.8867471E+001,-1.0306997E+002,-5.6728768E+001,-1.5529916E-002, 0.0000000E+000, 0.0000000E+000, 1.8818639E+000, 1.8224106E+000, 0.0000000E+000, 5.2175120E-003, 0.0000000E+000
 3.1227744E+002, 2.3701558E+002,-7.8081183E+001,-1.0637011E+002,-5.6113712E+001,-1.5417336E-002, 0.0000000E+000, 0.0000000E+000,-3.2183861E+000,-3.5648391E+000, 0.0000000E+000, 5.2175120E-003, 0.0000000E+000
 3.1325247E+002, 2.4327320E+002,-8.0010424E+001,-1.1741265E+002,-5.6036554E+001,-1.5482576E-002, 0.0000000E+000, 0.0000000E+000,-1.0199423E+001,-1.0201914E+001, 0.0000000E+000, 5.2175120E-003, 0.0000000E+000
 3.1421033E+002, 2.3584369E+002,-7.7642545E+001,-1.1056408E+002,-5.6861327E+001,-1.5499624E-002, 0.0000000E+000, 0.0000000E+000,-9.3293623E+000,-9.2397689E+000, 0.0000000E+000, 5.2175120E-003, 0.0000000E+000
 3.1518063E+002, 2.4070471E+002,-7.9096015E+001,-1.0107244E+002,-5.7782414E+001,-1.5456215E-002, 0.0000000E+000, 0.0000000E+000, 2.9399897E+000, 2.7383858E+000, 0.0000000E+000, 5.2175120E-003, 0.0000000E+000
 3.1616223E+002, 2.4242594E+002,-7.9660526E+001,-1.0035200E+002,-5.6851869E+001,-1.5465249E-002, 0.0000000E+000, 0.0000000E+000, 5.5664866E+000, 5.5460804E+000, 0.0000000E+000, 5.2175120E-003, 0.0000000E+000
 3.1712488E+002, 2.4077557E+002,-7.8801683E+001,-1.0082781E+002,-5.8960820E+001,-1.5555090E-002, 0.0000000E+000, 0.0000000E+000, 2.4647899E+000, 2.1697042E+000, 0.0000000E+000, 5.2175120E-003, 0.0000000E+000
 3.1809909E+002, 2.3831276E+002,-7.8211891E+001,-9.9249289E+001,-5.6926073E+001,-1.5593800E-002, 0.0000000E+000, 0.0000000E+000, 3.8264638E+000, 3.9099104E+000, 0.0000000E+000, 5.2175120E-003, 0.0000000E+000
 3.1906943E+002, 2.3977478E+002,-7.8758119E+001,-1.0355135E+002,-5.6001228E+001,-1.5503890E-002, 0.0000000E+000, 0.0000000E+000, 1.7108942E+000, 1.4485756E+000, 0.0000000E+000, 5.2175120E-003, 0.0000000E+000
 3.2003140E+002, 2.3921792E+002,-7.8865624E+001,-1.1319187E+002,-5.7641743E+001,-1.5505388E-002, 0.0000000E+000, 0.0000000E+000,-1.0006127E+001,-1.0496829E+001, 0.0000000E+000, 5.2175120E-003, 0.0000000E+000
 3.2101068E+002, 2.4017901E+002,-7.8567558E+001,-1.0783300E+002,-5.5840435E+001,-1.5496767E-002, 0.0000000E+000, 0.0000000E+000,-1.9936923E+000,-2.0774777E+000, 0.0000000E+000, 5.2175120E-003, 0.0000000E+000
 3.2198022E+002, 2.3911189E+002,-7.8259065E+001,-1.0178342E+002,-5.7022422E+001,-1.5524695E-002, 0.0000000E+000, 0.0000000E+000, 2.2349839E+000, 2.0314608E+000, 0.0000000E+000, 5.2175120E-003, 0.0000000E+000
 3.2294305E+002, 2.4263261E+002,-8.0084914E+001,-1.0068916E+002,-5.7133858E+001,-1.5524674E-002, 0.0000000E+000, 0.0000000E+000, 4.6790015E+000, 4.7091526E+000, 0.0000000E+000, 5.2175120E-003, 0.0000000E+000
 3.2391904E+002, 2.3968914E+002,-7.8532782E+001,-9.6041958E+001,-5.9024200E+001,-1.5533073E-002, 0.0000000E+000, 0.0000000E+000, 6.2455725E+000, 6.0746631E+000, 0.0000000E+000, 5.2175120E-003, 0.0000000E+000
 3.2488837E+002, 2.4039909E+002,-7.9565013E+001,-1.0779559E+002,-5.8677839E+001,-1.5481095E-002, 0.0000000E+000, 0.0000000E+000,-5.6178714E+000,-5.6548370E+000, 0.0000000E+000, 5.2175120E-003, 0.0000000E+000
 3.2586249E+002, 2.3975602E+002,-7.8385584E+001,-1.0739699E+002,-5.6864763E+001,-1.5578122E-002, 0.0000000E+000, 0.0000000E+000,-2.6891874E+000,-2.9068889E+000, 0.0000000E+000, 5.2175120E-003, 0.0000000E+000
 3.2682932E+002, 2.3942312E+002,-7.8823592E+001,-1.0428704E+002,-5.6340467E+001,-1.5464844E-002, 0.0000000E+000, 0.0000000E+000,-1.8661395E-001,-4.3447565E-002, 0.0000000E+000, 5.2175120E-003, 0.0000000E+000
 3.2779727E+002, 2.3833994E+002,-7.8555519E+001,-9.4119766E+001,-5.6609083E+001,-1.5449766E-002, 0.0000000E+000, 0.0000000E+000, 9.1818542E+000, 9.0401230E+000, 0.0000000E+000, 5.2175120E-003, 0.0000000E+000
 3.2877222E+002, 2.4028855E+002,-7.9225157E+001,-9.9687917E+001,-5.9225384E+001,-1.5483568E-002, 0.0000000E+000, 0.0000000E+000, 2.3765983E+000, 2.1346060E+000, 0.0000000E+000, 5.2175120E-003, 0.0000000E+000
 3.2973828E+002, 2.4241783E+002,-7.9605879E+001,-1.0249365E+002,-5.8688772E+001,-1.5520679E-002, 0.0000000E+000, 0.0000000E+000, 1.8457169E+000, 1.6140053E+000, 0.0000000E+000, 5.2175120E-003, 0.0000000E+000
 3.3070859E+002, 2.3857828E+002,-7.8455575E+001,-1.0374212E+002,-5.6004169E+001,-1.5505530E-002, 0.0000000E+000, 0.0000000E+000, 5.6228204E-001, 3.6090848E-001, 0.0000000E+000, 5.2175120E-003, 0.0000000E+000
 3.3167422E+002, 2.3998344E+002,-7.8804897E+001,-9.8615174E+001,-5.5093782E+001,-1.5486701E-002, 0.0000000E+000, 0.0000000E+000, 7.4481302E+000, 7.4540992E+000, 0.0000000E+000, 5.2175120E-003, 0.0000000E+000
 3.3264282E+002, 2.3967974E+002,-7.9633349E+001,-1.0187923E+002,-5.6380191E+001,-1.5553606E-002, 0.0000000E+000, 0.0000000E+000, 1.9056266E+000, 1.7714096E+000, 0.0000000E+000, 5.2175120E-003, 0.0000000E+000
 3.3361887E+002, 2.3778775E+002,-7.8327373E+001,-1.1686843E+002,-5.8581287E+001,-1.5436370E-002, 0.0000000E+000, 0.0000000E+000,-1.5939663E+001,-1.6004770E+001, 0.0000000E+000, 5.2175120E-003, 0.0000000E+000
 3.3458035E+002, 2.4153539E+002,-7.9201661E+001,-1.0608005E+002,-5.7949215E+001,-1.5389287E-002, 0.0000000E+000, 0.0000000E+000,-1.7161628E+000,-1.7109162E+000, 0.0000000E+000, 5.2175120E-003, 0.0000000E+000
 3.3555844E+002, 2.3790957E+002,-7.8307212E+001,-1.0382421E+002,-5.7463368E+001,-1.5502961E-002, 0.0000000E+000, 0.0000000E+000,-1.5650112E+000,-1.7007217E+000, 0.0000000E+000, 5.2175120E-003, 0.0000000E+000
 3.3652505E+002, 2.4231614E+002,-7.9476603E+001,-1.0643695E+002,-5.7611312E+001,-1.5514457E-002, 0.0000000E+000, 0.0000000E+000,-1.0560979E+000,-1.2242323E+000, 0.0000000E+000, 5.2175120E-003, 0.0000000E+000
 3.3749759E+002, 2.4044527E+002,-7.8673661E+001,-1.1251749E+002,-5.8047697E+001,-1.5493492E-002, 0.0000000E+000, 0.0000000E+000,-8.8020158E+000,-8.8090753E+000, 0.0000000E+000, 5.2175120E-003, 0.0000000E+000
 3.3846500E+002, 2.3847910E+002,-7.8647431E+001,-1.0338989E+002,-5.7839700E+001,-1.5475681E-002, 0.0000000E+000, 0.0000000E+000,-1.3106868E+000,-1.4134001E+000, 0.0000000E+000, 5.2175120E-003, 0.0000000E+000
 3.3943274E+002, 2.3881074E+002,-7.8382261E+001,-1.1236743E+002,-5.7005101E+001,-1.5458243E-002, 0.0000000E+000, 0.0000000E+000,-8.8769154E+000,-8.9595128E+000, 0.0000000E+000, 5.2175120E-003, 0.0000000E+000
 3.4040750E+002, 2.4217508E+002,-7.9427682E+001,-1.0625134E+002,-5.6189221E+001,-1.5491403E-002, 0.0000000E+000, 0.0000000E+000, 4.3795780E-001, 2.9134554E-001, 0.0000000E+000, 5.2175120E-003, 0.0000000E+000
 3.4137814E+002, 2.3879402E+002,-7.8767316E+001,-1.0261106E+002,-5.6955580E+001,-1.5484806E-002, 0.0000000E+000, 0.0000000E+000, 5.7588085E-001, 4.4457275E-001, 0.0000000E+000, 5.2175120E-003, 0.0000000E+000
 3.4234540E+002, 2.4046312E+002,-7.8937137E+001,-1.0026966E+002,-5.6833712E+001,-1.5514811E-002, 0.0000000E+000, 0.0000000E+000, 4.2043259E+000, 4.4070995E+000, 0.0000000E+000, 5.2175120E-003, 0.0000000E+000
 3.4331931E+002, 2.3864797E+002,-7.8184394E+001,-1.0414644E+002,-5.6013558E+001,-1.5463794E-002, 0.0000000E+000, 0.0000000E+000, 6.8504298E-001, 2.8811635E-001, 0.0000000E+000, 5.2175120E-003, 0.0000000E+000
 3.4428738E+002, 2.4146071E+002,-7.9141197E+001,-1.0124381E+002,-5.6571087E+001,-1.5479641E-002, 0.0000000E+000, 0.0000000E+000, 4.4924665E+000, 4.4891365E+000, 0.0000000E+000, 5.2175120E-003, 0.0000000E+000
 3.4525293E+002, 2.4005612E+002,-7.8569160E+001,-1.0929313E+002,-5.6740566E+001,-1.5502486E-002, 0.0000000E+000, 0.0000000E+000,-4.4867307E+000,-4.5622393E+000, 0.0000000E+000, 5.2175120E-003, 0.0000000E+000
 3.4623044E+002, 2.3974877E+002,-7.8692865E+001,-1.0631337E+002,-5.5998301E+001,-1.5509201E-002, 0.0000000E+000, 0.0000000E+000,-1.3459902E+000,-1.2712764E+000, 0.0000000E+000, 5.2175120E-003, 0.0000000E+000
 3.4719138E+002, 2.3863244E+002,-7.8635909E+001,-1.0603537E+002,-5.5771652E+001,-1.5439291E-002, 0.0000000E+000, 0.0000000E+000,-1.6365624E+000,-1.8259304E+000, 0.0000000E+000, 5.2175120E-003, 0.0000000E+000
 3.4816144E+002, 2.4025283E+002,-7.9102359E+001,-1.0503814E+002,-5.7291242E+001,-1.5522696E-002, 0.0000000E+000, 0.0000000E+000,-1.3978415E+000,-1.1944365E+000, 0.0000000E+000, 5.2175120E-003, 0.0000000E+000
 3.4913513E+002, 2.4197080E+002,-7.8812892E+001,-1.1007335E+002,-5.7839983E+001,-1.5501887E-002, 0.0000000E+000, 0.0000000E+000,-4.5679807E+000,-4.7709210E+000, 0.0000000E+000, 5.2175120E-003, 0.0000000E+000
 3.5010062E+002, 2.3902060E+002,-7.8809368E+001,-1.0727125E+002,-5.6363998E+001,-1.5538367E-002, 0.0000000E+000, 0.0000000E+000,-3.3170219E+000,-3.4395481E+000, 0.0000000E+000, 5.2175120E-003, 0.0000000E+000
 3.5108148E+002, 2.4056071E+002,-7.8902847E+001,-1.1046774E+002,-5.4658827E+001,-1.5587199E-002, 0.0000000E+000, 0.0000000E+000,-3.4549814E+000,-3.4842924E+000, 0.0000000E+000, 5.2175120E-003, 0.0000000E+000
 3.5204370E+002, 2.3893508E+002,-7.8477008E+001,-9.4637854E+001,-5.6008841E+001,-1.5527416E-002, 0.0000000E+000, 0.0000000E+000, 9.8282272E+000, 9.7958486E+000, 0.0000000E+000, 5.2175120E-003, 0.0000000E+000
 3.5301822E+002, 2.3938484E+002,-7.8636640E+001,-1.0634004E+002,-5.7664324E+001,-1.5463212E-002, 0.0000000E+000, 0.0000000E+000,-2.9558224E+000,-3.2716297E+000, 0.0000000E+000, 5.2175120E-003, 0.0000000E+000
 3.5398044E+002, 2.4200275E+002,-7.9293495E+001,-1.1051855E+002,-5.8063217E+001,-1.5455597E-002, 0.0000000E+000, 0.0000000E+000,-5.6234082E+000,-5.8879686E+000, 0.0000000E+000, 5.2175120E-003, 0.0000000E+000
 3.5495300E+002, 2.3966560E+002,-7.8302898E+001,-1.1130100E+002,-5.6215430E+001,-1.5554285E-002, 0.0000000E+000, 0.0000000E+000,-5.8774601E+000,-6.1692875E+000, 0.0000000E+000, 5.2175120E-003, 0.0000000E+000
 3.5592789E+002, 2.4036798E+002,-7.8746944E+001,-1.0053843E+002,-5.3994562E+001,-1.5530194E-002, 0.0000000E+000, 0.0000000E+000, 6.9930148E+000, 7.0725125E+000, 0.0000000E+000, 5.2175120E-003, 0.0000000E+000
 3.5690121E+002, 2.3929710E+002,-7.8241927E+001,-1.0063147E+002,-5.3854540E+001,-1.5538358E-002, 0.0000000E+000, 0.0000000E+000, 6.5712763E+000, 6.5536228E+000, 0.0000000E+000, 5.2175120E-003, 0.0000000E+000
 3.5786353E+002, 2.4017854E+002,-7.9014169E+001,-1.0357156E+002,-5.5652223E+001,-1.5570009E-002, 0.0000000E+000, 0.0000000E+000, 2.0802551E+000, 1.9250140E+000, 0.0000000E+000, 5.2175120E-003, 0.0000000E+000
 3.5883282E+002, 2.4078911E+002,-7.9059051E+001,-1.0473666E+002,-5.8516836E+001,-1.5540567E-002, 0.0000000E+000, 0.0000000E+000,-1.4059141E+000,-1.5389799E+000, 0.0000000E+000, 5.2175120E-003, 0.0000000E+000
 3.5980304E+002, 2.3808070E+002,-7.7958917E+001,-9.9164478E+001,-5.7495559E+001,-1.5509372E-002, 0.0000000E+000, 0.0000000E+000, 3.9286134E+000, 3.4462339E+000, 0.0000000E+000, 5.2175120E-003, 0.0000000E+000
 3.6077338E+002, 2.4134273E+002,-7.8973849E+001,-1.0520687E+002,-5.5190769E+001,-1.5476945E-002, 0.0000000E+000, 0.0000000E+000, 2.1772079E+000, 1.9557669E+000, 0.0000000E+000, 5.2175120E-003, 0.0000000E+000
 3.6175070E+002, 2.3998846E+002,-7.9060249E+001,-1.0760063E+002,-5.7940777E+001,-1.5512518E-002, 0.0000000E+000, 0.0000000E+000,-4.3455232E+000,-4.6287162E+000, 0.0000000E+000, 5.2175120E-003, 0.0000000E+000
 3.6271866E+002, 2.4006439E+002,-7.9156543E+001,-1.0510529E+002,-5.6478883E+001,-1.5456566E-002, 0.0000000E+000, 0.0000000E+000,-5.4985724E-001,-6.9178481E-001, 0.0000000E+000, 5.2175120E-003, 0.0000000E+000
 3.6369211E+002, 2.3918749E+002,-7.8457845E+001,-9.8806388E+001,-5.6189215E+001,-1.5455628E-002, 0.0000000E+000, 0.0000000E+000, 5.7377117E+000, 5.7185827E+000, 0.0000000E+000, 5.2175120E-003, 0.0000000E+000
 3.6466122E+002, 2.3751136E+002,-7.8774766E+001,-9.6284124E+001,-5.6978077E+001,-1.5386832E-002, 0.0000000E+000, 0.0000000E+000, 5.6470904E+000, 5.4590051E+000, 0.0000000E+000, 5.2175120E-003, 0.0000000E+000
 3.6562585E+002, 2.4068703E+002,-7.9215397E+001,-1.0547237E+002,-5.8430925E+001,-1.5359238E-002, 0.0000000E+000, 0.0000000E+000,-2.3678413E+000,-2.4470248E+000, 0.0000000E+000, 5.2175120E-003, 0.0000000E+000
 3.6659027E+002, 2.4244583E+002,-7.9485422E+001,-1.0746699E+002,-5.7637779E+001,-1.5560706E-002, 0.0000000E+000, 0.0000000E+000,-2.0103751E+000,-2.1599227E+000, 0.0000000E+000, 5.2175120E-003, 0.0000000E+000
 3.6756586E+002, 2.3798011E+002,-7.8554821E+001,-9.9016385E+001,-5.8473271E+001,-1.5497292E-002, 0.0000000E+000, 0.0000000E+000, 2.5587073E+000, 1.9201352E+000, 0.0000000E+000, 5.2175120E-003, 0.0000000E+000
 3.6854028E+002, 2.3953860E+002,-7.9283226E+001,-1.0503794E+002,-5.7460889E+001,-1.5458682E-002, 0.0000000E+000, 0.0000000E+000,-2.0167271E+000,-2.2589101E+000, 0.0000000E+000, 5.2175120E-003, 0.0000000E+000
 3.6950327E+002, 2.4102964E+002,-7.9592440E+001,-9.7159164E+001,-5.8765167E+001,-1.5404094E-002, 0.0000000E+000, 0.0000000E+000, 5.4663058E+000, 5.4974700E+000, 0.0000000E+000, 5.2175120E-003, 0.0000000E+000
 3.7047626E+002, 2.4003006E+002,-7.9088244E+001,-1.0279095E+002,-5.9989861E+001,-1.5432930E-002, 0.0000000E+000, 0.0000000E+000,-1.7377476E+000,-1.8544226E+000, 0.0000000E+000, 5.2175120E-003, 0.0000000E+000
 3.7144327E+002, 2.3719770E+002,-7.8153571E+001,-1.0553952E+002,-5.8051720E+001,-1.5446888E-002, 0.0000000E+000, 0.0000000E+000,-4.4201917E+000,-4.5625611E+000, 0.0000000E+000, 5.2175120E-003, 0.0000000E+000
 3.7241412E+002, 2.4078622E+002,-7.9617604E+001,-1.1266987E+002,-5.8421043E+001,-1.5432482E-002, 0.0000000E+000, 0.0000000E+000,-9.8507720E+000,-9.9377281E+000, 0.0000000E+000, 5.2175120E-003, 0.0000000E+000
 3.7338705E+002, 2.4124514E+002,-7.9019530E+001,-1.0424100E+002,-5.8483391E+001,-1.5467013E-002, 0.0000000E+000, 0.0000000E+000,-5.4736941E-001,-5.1424786E-001, 0.0000000E+000, 5.2175120E-003, 0.0000000E+000
 3.7435248E+002, 2.4104702E+002,-7.9308078E+001,-9.4262611E+001,-5.6232474E+001,-1.5452271E-002, 0.0000000E+000, 0.0000000E+000, 1.1144257E+001, 1.1228406E+001, 0.0000000E+000, 5.2175120E-003, 0.0000000E+000
 3.7532339E+002, 2.3828813E+002,-7.8099211E+001,-9.5616295E+001,-5.6342270E+001,-1.5427711E-002, 0.0000000E+000, 0.0000000E+000, 8.5832512E+000, 8.2149235E+000, 0.0000000E+000, 5.2175120E-003, 0.0000000E+000
 3.7629492E+002, 2.4127962E+002,-7.9780608E+001,-1.0430025E+002,-5.6199576E+001,-1.5423347E-002, 0.0000000E+000, 0.0000000E+000, 1.0227229E+000, 9.8376205E-001, 0.0000000E+000, 5.2175120E-003, 0.0000000E+000
 3.7727118E+002, 2.4001306E+002,-7.9152718E+001,-9.4040897E+001,-5.8151038E+001,-1.5438466E-002, 0.0000000E+000, 0.0000000E+000, 9.0210841E+000, 8.6529657E+000, 0.0000000E+000, 5.2175120E-003, 0.0000000E+000
 3.7823721E+002, 2.3776442E+002,-7.8683305E+001,-1.1355137E+002,-5.9180093E+001,-1.5431372E-002, 0.0000000E+000, 0.0000000E+000,-1.3162240E+001,-1.3665781E+001, 0.0000000E+000, 5.2175120E-003, 0.0000000E+000
 3.7921127E+002, 2.4046446E+002,-7.8641528E+001,-1.0228811E+002,-5.6600370E+001,-1.5477316E-002, 0.0000000E+000, 0.0000000E+000, 3.0531114E+000, 2.9189842E+000, 0.0000000E+000, 5.2175120E-003, 0.0000000E+000
 3.8017548E+002, 2.4120161E+002,-7.9248079E+001,-1.0504808E+002,-5.7431065E+001,-1.5487240E-002, 0.0000000E+000, 0.0000000E+000,-3.8457830E-001,-5.4109895E-001, 0.0000000E+000, 5.2175120E-003, 0.0000000E+000
 3.8114261E+002, 2.3551004E+002,-7.8045097E+001,-1.1243344E+002,-5.8597088E+001,-1.5368961E-002, 0.0000000E+000, 0.0000000E+000,-1.3523070E+001,-1.3580958E+001, 0.0000000E+000, 5.2175120E-003, 0.0000000E+000
 3.8211124E+002, 2.4464363E+002,-8.0286785E+001,-9.7194757E+001,-5.8792106E+001,-1.5487063E-002, 0.0000000E+000, 0.0000000E+000, 8.3329958E+000, 8.3544926E+000, 0.0000000E+000, 5.2175120E-003, 0.0000000E+000
 3.8308270E+002, 2.3867899E+002,-7.8630672E+001,-1.0130353E+002,-5.8887782E+001,-1.5452554E-002, 0.0000000E+000, 0.0000000E+000,-1.1079615E-001,-1.5843980E-001, 0.0000000E+000, 5.2175120E-003, 0.0000000E+000
 3.8405991E+002, 2.3984910E+002,-7.8662547E+001,-1.0970975E+002,-5.7978144E+001,-1.5469575E-002, 0.0000000E+000, 0.0000000E+000,-6.2736589E+000,-6.5168118E+000, 0.0000000E+000, 5.2175120E-003, 0.0000000E+000
 3.8502841E+002, 2.4096971E+002,-7.9790369E+001,-1.1043290E+002,-5.6282767E+001,-1.5447912E-002, 0.0000000E+000, 0.0000000E+000,-5.5277580E+000,-5.5517692E+000, 0.0000000E+000, 5.2175120E-003, 0.0000000E+000
 3.8599725E+002, 2.4002231E+002,-7.9356236E+001,-1.0853738E+002,-5.7516415E+001,-1.5374590E-002, 0.0000000E+000, 0.0000000E+000,-5.4196893E+000,-5.4030930E+000, 0.0000000E+000, 5.2175120E-003, 0.0000000E+000
 3.8696213E+002, 2.4023229E+002,-7.8706152E+001,-1.0496031E+002,-5.8327206E+001,-1.5468752E-002, 0.0000000E+000, 0.0000000E+000,-1.6167312E+000,-1.7768503E+000, 0.0000000E+000, 5.2175120E-003, 0.0000000E+000
 3.8794205E+002, 2.3836976E+002,-7.8737949E+001,-9.5849513E+001,-5.7323186E+001,-1.5414296E-002, 0.0000000E+000, 0.0000000E+000, 6.6054242E+000, 6.4436975E+000, 0.0000000E+000, 5.2175120E-003, 0.0000000E+000
 3.8890439E+002, 2.4210061E+002,-7.9589638E+001,-9.9549249E+001,-5.6170495E+001,-1.5468690E-002, 0.0000000E+000, 0.0000000E+000, 6.8387365E+000, 6.7757589E+000, 0.0000000E+000, 5.2175120E-003, 0.0000000E+000
 3.8988281E+002, 2.4011340E+002,-7.9027824E+001,-1.1096615E+002,-5.8178376E+001,-1.5484655E-002, 0.0000000E+000, 0.0000000E+000,-7.8678919E+000,-8.0744313E+000, 0.0000000E+000, 5.2175120E-003, 0.0000000E+000
 3.9085056E+002, 2.3516074E+002,-7.8020773E+001,-1.0340945E+002,-5.7839578E+001,-1.5387861E-002, 0.0000000E+000, 0.0000000E+000,-3.8876671E+000,-4.1244504E+000, 0.0000000E+000, 5.2175120E-003, 0.0000000E+000
 3.9181866E+002, 2.4200589E+002,-7.9256384E+001,-1.0394997E+002,-5.7388649E+001,-1.5417392E-002, 0.0000000E+000, 0.0000000E+000, 1.5642234E+000, 1.3954634E+000, 0.0000000E+000, 5.2175120E-003, 0.0000000E+000
 3.9278989E+002, 2.3957576E+002,-7.9200013E+001,-1.0042325E+002,-5.7270886E+001,-1.5379524E-002, 0.0000000E+000, 0.0000000E+000, 2.4811280E+000, 2.6662336E+000, 0.0000000E+000, 5.2175120E-003, 0.0000000E+000
 3.9375366E+002, 2.3973497E+002,-7.8973767E+001,-1.0124061E+002,-5.6972301E+001,-1.5419189E-002, 0.0000000E+000, 0.0000000E+000, 2.8109813E+000, 2.5328790E+000, 0.0000000E+000, 5.2175120E-003, 0.0000000E+000
 3.9473166E+002, 2.4231789E+002,-7.9800001E+001,-1.0757694E+002,-5.9509076E+001,-1.5455322E-002, 0.0000000E+000, 0.0000000E+000,-4.5686424E+000,-4.5835783E+000, 0.0000000E+000, 5.2175120E-003, 0.0000000E+000
 3.9569250E+002, 2.3964487E+002,-7.8638086E+001,-1.0242141E+002,-5.9279254E+001,-1.5418869E-002, 0.0000000E+000, 0.0000000E+000,-4.9470840E-001,-7.0929387E-001, 0.0000000E+000, 5.2175120E-003, 0.0000000E+000
 3.9666400E+002, 2.4017792E+002,-7.8511028E+001,-9.4490981E+001,-5.7498999E+001,-1.5369469E-002, 0.0000000E+000, 0.0000000E+000, 9.8522293E+000, 9.6615433E+000, 0.0000000E+000, 5.2175120E-003, 0.0000000E+000
 3.9763480E+002, 2.3799665E+002,-7.8392197E+001,-9.7463215E+001,-5.5335644E+001,-1.5371324E-002, 0.0000000E+000, 0.0000000E+000, 7.0222830E+000, 6.7902270E+000, 0.0000000E+000, 5.2175120E-003, 0.0000000E+000
 3.9861139E+002, 2.3775624E+002,-7.8941364E+001,-1.0195122E+002,-5.5954120E+001,-1.5393778E-002, 0.0000000E+000, 0.0000000E+000, 1.0460608E+000, 8.9413734E-001, 0.0000000E+000, 5.2175120E-003, 0.0000000E+000
 3.9957629E+002, 2.4127765E+002,-7.9460618E+001,-1.1682390E+002,-5.8099289E+001,-1.5400684E-002, 0.0000000E+000, 0.0000000E+000,-1.3061535E+001,-1.3121559E+001, 0.0000000E+000, 5.2175120E-003, 0.0000000E+000
 4.0054498E+002, 2.4126124E+002,-7.9272872E+001,-1.0625680E+002,-5.8234413E+001,-1.5433528E-002, 0.0000000E+000, 0.0000000E+000,-2.3812527E+000,-2.5182770E+000, 0.0000000E+000, 5.2175120E-003, 0.0000000E+000
 4.0151334E+002, 2.4063128E+002,-7.8675334E+001,-1.0988320E+002,-5.6666183E+001,-1.5468381E-002, 0.0000000E+000, 0.0000000E+000,-4.3964016E+000,-4.6089015E+000, 0.0000000E+000, 5.2175120E-003, 0.0000000E+000
 4.0248560E+002, 2.3842566E+002,-7.8637526E+001,-1.0370807E+002,-5.6584714E+001,-1.5469659E-002, 0.0000000E+000, 0.0000000E+000,-5.4572352E-001,-5.2011502E-001, 0.0000000E+000, 5.2175120E-003, 0.0000000E+000
 4.0345892E+002, 2.4099333E+002,-7.8902774E+001,-1.0410856E+002,-5.6093975E+001,-1.5496359E-002, 0.0000000E+000, 0.0000000E+000, 1.9762407E+000, 1.8725173E+000, 0.0000000E+000, 5.2175120E-003, 0.0000000E+000
 4.0442413E+002, 2.4123540E+002,-7.9182332E+001,-1.0012304E+002,-5.7981109E+001,-1.5553857E-002, 0.0000000E+000, 0.0000000E+000, 4.2086338E+000, 3.9333664E+000, 0.0000000E+000, 5.2175120E-003, 0.0000000E+000
 4.0539310E+002, 2.4064100E+002,-7.9192126E+001,-1.0742186E+002,-5.7121297E+001,-1.5533248E-002, 0.0000000E+000, 0.0000000E+000,-2.8952081E+000,-3.1098150E+000, 0.0000000E+000, 5.2175120E-003, 0.0000000E+000
 4.0637189E+002, 2.3664878E+002,-7.8111124E+001,-1.0724833E+002,-5.8417271E+001,-1.5497906E-002, 0.0000000E+000, 0.0000000E+000,-7.0399818E+000,-7.1434416E+000, 0.0000000E+000, 5.2175120E-003, 0.0000000E+000
 4.0734140E+002, 2.4189162E+002,-7.9205807E+001,-1.0377114E+002,-5.7235890E+001,-1.5465774E-002, 0.0000000E+000, 0.0000000E+000, 1.7772867E+000, 1.6633169E+000, 0.0000000E+000, 5.2175120E-003, 0.0000000E+000
 4.0830139E+002, 2.3813498E+002,-7.8356678E+001,-1.0801831E+002,-5.8170697E+001,-1.5430174E-002, 0.0000000E+000, 0.0000000E+000,-6.5025563E+000,-6.4261385E+000, 0.0000000E+000, 5.2175120E-003, 0.0000000E+000
 4.0927695E+002, 2.4180865E+002,-7.9174472E+001,-1.0011439E+002,-5.8748894E+001,-1.5498435E-002, 0.0000000E+000, 0.0000000E+000, 4.0295919E+000, 3.7553959E+000, 0.0000000E+000, 5.2175120E-003, 0.0000000E+000
 4.1024551E+002, 2.4027079E+002,-7.8915872E+001,-9.9053928E+001,-5.7328849E+001,-1.5535775E-002, 0.0000000E+000, 0.0000000E+000, 5.1350398E+000, 4.9566059E+000, 0.0000000E+000, 5.2175120E-003, 0.0000000E+000
 4.1122388E+002, 2.3961943E+002,-7.8957254E+001,-1.1255075E+002,-5.8088990E+001,-1.5596920E-002, 0.0000000E+000, 0.0000000E+000,-9.8324794E+000,-9.9931560E+000, 0.0000000E+000, 5.2175120E-003, 0.0000000E+000
 4.1218649E+002, 2.4059126E+002,-7.9167835E+001,-1.2259710E+002,-5.8682145E+001,-1.5572323E-002, 0.0000000E+000, 0.0000000E+000,-1.9841467E+001,-1.9871394E+001, 0.0000000E+000, 5.2175120E-003, 0.0000000E+000
 4.1316165E+002, 2.3620720E+002,-7.7547412E+001,-1.1062788E+002,-5.5817010E+001,-1.5484278E-002, 0.0000000E+000, 0.0000000E+000,-7.8068847E+000,-7.8005899E+000, 0.0000000E+000, 5.2175120E-003, 0.0000000E+000
 4.1412744E+002, 2.4204868E+002,-7.8734781E+001,-1.0029660E+002,-5.7099115E+001,-1.5479574E-002, 0.0000000E+000, 0.0000000E+000, 5.9981413E+000, 5.9027019E+000, 0.0000000E+000, 5.2175120E-003, 0.0000000E+000
 4.1509009E+002, 2.4175489E+002,-7.9196454E+001,-1.0447213E+002,-5.7607534E+001,-1.5488241E-002, 0.0000000E+000, 0.0000000E+000, 5.9910159E-001, 4.6328701E-001, 0.0000000E+000, 5.2175120E-003, 0.0000000E+000
 4.1606470E+002, 2.4062912E+002,-7.8701686E+001,-9.4071934E+001,-5.7054450E+001,-1.5566356E-002, 0.0000000E+000, 0.0000000E+000, 1.1068591E+001, 1.0785481E+001, 0.0000000E+000, 5.2175120E-003, 0.0000000E+000
 4.1703110E+002, 2.3748903E+002,-7.7927349E+001,-1.0559211E+002,-5.6293343E+001,-1.5551744E-002, 0.0000000E+000, 0.0000000E+000,-2.1769907E+000,-2.3393230E+000, 0.0000000E+000, 5.2175120E-003, 0.0000000E+000
 4.1800171E+002, 2.3629926E+002,-7.7523662E+001,-9.9335096E+001,-5.6309820E+001,-1.5457500E-002, 0.0000000E+000, 0.0000000E+000, 3.2660943E+000, 3.1152296E+000, 0.0000000E+000, 5.2175120E-003, 0.0000000E+000
