s,C,C,C,C,C,C,C,C,kW/m2
Time,"TEMP1","TEMP2","TEMP3","TEMP4","TC1","TC2","TC3","TC4","HEAT_FLUX"
 3.0000000E+001, 2.0000000E+001, 2.0000000E+001, 2.0000000E+001, 2.0000000E+001, 1.9999998E+001, 1.9999999E+001, 1.9999999E+001, 1.9999999E+001,-9.1586863E-006
 3.0984032E+001, 2.0010154E+001, 2.0000041E+001, 1.9999997E+001, 2.0000000E+001, 2.0051065E+001, 2.0000113E+001, 1.9999999E+001, 1.9999999E+001,-6.5483281E-008
 3.1951131E+001, 9.1722855E+001, 2.0002583E+001, 1.9999997E+001, 2.0000004E+001, 2.6441954E+001, 2.0008453E+001, 2.0000014E+001, 1.9999999E+001, 5.9276511E-008
 3.2919501E+001, 3.3687317E+002, 2.0011369E+001, 2.0000005E+001, 2.0000010E+001, 1.0680515E+002, 2.0030956E+001, 2.0000055E+001, 2.0000000E+001, 9.5414787E-008
 3.3883035E+001, 4.5462413E+002, 2.0026261E+001, 2.0000017E+001, 2.0000018E+001, 2.4268753E+002, 2.0056207E+001, 2.0000096E+001, 2.0000002E+001, 1.0566609E-007
 3.4856968E+001, 3.8390284E+002, 2.0049952E+001, 2.0000036E+001, 2.0000027E+001, 3.1841161E+002, 2.0085138E+001, 2.0000156E+001, 2.0000004E+001, 1.4516584E-007
 3.5823859E+001, 3.0963119E+002, 2.0064276E+001, 2.0000081E+001, 2.0000037E+001, 3.3166506E+002, 2.0114372E+001, 2.0000299E+001, 2.0000007E+001, 2.0646390E-007
 3.6799641E+001, 3.9408179E+002, 2.0062275E+001, 2.0000146E+001, 2.0000047E+001, 3.4794309E+002, 2.0144996E+001, 2.0000493E+001, 2.0000011E+001, 2.9782035E-007
 3.7771534E+001, 3.3958505E+002, 2.0054516E+001, 2.0000255E+001, 2.0000058E+001, 3.6136800E+002, 2.0174662E+001, 2.0000813E+001, 2.0000017E+001, 4.5881087E-007
 3.8737532E+001, 3.4419116E+002, 2.0052242E+001, 2.0000402E+001, 2.0000069E+001, 3.5273583E+002, 2.0202960E+001, 2.0001229E+001, 2.0000023E+001, 6.5685576E-007
 3.9705081E+001, 4.6966602E+002, 2.0051579E+001, 2.0000572E+001, 2.0000081E+001, 3.7862957E+002, 2.0231381E+001, 2.0001673E+001, 2.0000033E+001, 8.5512953E-007
 4.0674161E+001, 3.3032281E+002, 2.0049345E+001, 2.0000825E+001, 2.0000094E+001, 3.9872001E+002, 2.0259252E+001, 2.0002322E+001, 2.0000048E+001, 1.1804242E-006
 4.1644958E+001, 3.0661215E+002, 2.0062717E+001, 2.0001172E+001, 2.0000111E+001, 3.6982337E+002, 2.0287895E+001, 2.0003139E+001, 2.0000072E+001, 1.7431362E-006
 4.2621770E+001, 3.3267736E+002, 2.0125821E+001, 2.0001702E+001, 2.0000137E+001, 3.5634167E+002, 2.0323256E+001, 2.0004314E+001, 2.0000120E+001, 2.7547902E-006
 4.3586874E+001, 2.9822971E+002, 2.4265372E+001, 2.0002566E+001, 2.0000181E+001, 3.5504906E+002, 2.0545960E+001, 2.0006067E+001, 2.0000224E+001, 4.6141252E-006
 4.4560558E+001, 1.9347109E+002, 2.9035491E+001, 2.0003886E+001, 2.0000263E+001, 3.2566649E+002, 2.1815734E+001, 2.0008479E+001, 2.0000427E+001, 8.7974635E-006
 4.5520722E+001, 1.6520281E+002, 2.5569202E+001, 2.0005487E+001, 2.0000392E+001, 2.8237799E+002, 2.2879990E+001, 2.0012038E+001, 2.0000722E+001, 4.2406434E-005
 4.6499758E+001, 2.3647721E+002, 2.2674086E+001, 2.0006601E+001, 2.0000585E+001, 2.6257917E+002, 2.3106978E+001, 2.0016353E+001, 2.0001074E+001, 1.3696687E-004
 4.7469668E+001, 1.9509483E+002, 2.2066967E+001, 2.0007392E+001, 2.0000882E+001, 2.5650895E+002, 2.3013812E+001, 2.0020471E+001, 2.0001528E+001, 1.7293875E-004
 4.8432274E+001, 2.1677400E+002, 2.3434601E+001, 2.0008347E+001, 2.0001242E+001, 2.5123304E+002, 2.2998253E+001, 2.0024253E+001, 2.0002095E+001, 2.4522521E-004
 4.9410053E+001, 1.6769614E+002, 2.7531433E+001, 2.0009823E+001, 2.0001606E+001, 2.4220755E+002, 2.3437525E+001, 2.0028424E+001, 2.0002798E+001, 2.7285856E-004
 5.0370752E+001, 1.5732571E+002, 3.4576552E+001, 2.0011873E+001, 2.0001989E+001, 2.2206232E+002, 2.4727926E+001, 2.0033284E+001, 2.0003624E+001, 3.2106071E-004
 5.1349480E+001, 1.3071724E+002, 3.8909673E+001, 2.0013960E+001, 2.0002383E+001, 2.0671684E+002, 2.7116133E+001, 2.0038568E+001, 2.0004496E+001, 4.0168098E-004
 5.2318150E+001, 1.2405317E+002, 3.8683117E+001, 2.0016190E+001, 2.0002737E+001, 1.9338051E+002, 2.9121937E+001, 2.0043667E+001, 2.0005425E+001, 4.4211690E-004
 5.3284212E+001, 1.0526830E+002, 3.8310125E+001, 2.0019302E+001, 2.0003042E+001, 1.7601131E+002, 3.0710833E+001, 2.0048994E+001, 2.0006433E+001, 4.7978348E-004
 5.4251817E+001, 1.8571413E+002, 3.8466896E+001, 2.0024295E+001, 2.0003382E+001, 1.7852024E+002, 3.1842418E+001, 2.0055152E+001, 2.0007541E+001, 6.1420301E-004
 5.5223091E+001, 1.1849283E+002, 3.6493837E+001, 2.0856922E+001, 2.0003881E+001, 1.7619753E+002, 3.2719177E+001, 2.0092964E+001, 2.0008844E+001, 6.9627804E-004
 5.6196417E+001, 1.9237478E+002, 3.8487486E+001, 2.1276059E+001, 2.0004558E+001, 1.7266978E+002, 3.3332979E+001, 2.0232845E+001, 2.0010389E+001, 8.0482355E-004
 5.7167577E+001, 1.6087563E+002, 4.1282849E+001, 2.2849316E+001, 2.0005376E+001, 1.8807804E+002, 3.4338344E+001, 2.0439348E+001, 2.0012131E+001, 9.1983637E-004
 5.8141673E+001, 1.6281257E+002, 4.0457588E+001, 2.5297632E+001, 2.0006530E+001, 1.8421618E+002, 3.5386665E+001, 2.0904670E+001, 2.0014088E+001, 1.0399714E-003
 5.9109258E+001, 2.4382863E+002, 4.0625615E+001, 2.6120115E+001, 2.0008259E+001, 1.9911291E+002, 3.6110580E+001, 2.1544356E+001, 2.0016410E+001, 1.1339151E-003
 6.0078914E+001, 1.7237246E+002, 4.2592163E+001, 2.5649958E+001, 2.0010584E+001, 2.0959013E+002, 3.6935748E+001, 2.2179795E+001, 2.0019133E+001, 1.2695289E-003
 6.1042897E+001, 1.1756276E+002, 4.2743336E+001, 2.5208727E+001, 2.0014601E+001, 1.9352382E+002, 3.7727413E+001, 2.2630895E+001, 2.0022291E+001, 1.3993007E-003
 6.2019652E+001, 1.7055631E+002, 4.2354070E+001, 2.4400029E+001, 2.0365592E+001, 1.9448824E+002, 3.8440794E+001, 2.2919717E+001, 2.0039540E+001, 1.5371518E-003
 6.2988792E+001, 1.3796196E+002, 4.0392873E+001, 2.2253370E+001, 2.0940057E+001, 1.8771215E+002, 3.8822885E+001, 2.2966750E+001, 2.0123221E+001, 1.6675880E-003
 6.3955272E+001, 1.4702689E+002, 4.3291264E+001, 2.0990881E+001, 2.0739608E+001, 1.8123410E+002, 3.9158573E+001, 2.2784942E+001, 2.0212321E+001, 1.8354584E-003
 6.4920584E+001, 1.4557843E+002, 4.5803326E+001, 2.0587019E+001, 2.0457847E+001, 1.7859003E+002, 4.0032007E+001, 2.2536745E+001, 2.0259646E+001, 2.0413643E-003
 6.5902788E+001, 1.9677790E+002, 4.4203640E+001, 2.0509453E+001, 2.0299214E+001, 1.7980643E+002, 4.0710186E+001, 2.2281853E+001, 2.0277018E+001, 2.2653946E-003
 6.6860985E+001, 1.7636326E+002, 4.5321911E+001, 2.0870228E+001, 2.0188913E+001, 1.8963695E+002, 4.1192491E+001, 2.2086135E+001, 2.0276840E+001, 2.5106061E-003
 6.7842487E+001, 1.4921559E+002, 5.1967374E+001, 2.1255705E+001, 2.0106765E+001, 1.9288261E+002, 4.2339443E+001, 2.1980215E+001, 2.0264314E+001, 2.8604461E-003
 6.8809391E+001, 1.3589886E+002, 4.9809417E+001, 2.1379315E+001, 2.0062811E+001, 1.8550943E+002, 4.3811825E+001, 2.1908143E+001, 2.0245662E+001, 3.3558660E-003
 6.9770098E+001, 1.2386746E+002, 4.5873057E+001, 2.1827774E+001, 2.0046583E+001, 1.7153197E+002, 4.4253850E+001, 2.1880571E+001, 2.0227077E+001, 4.0622916E-003
 7.0745561E+001, 1.7847751E+002, 4.6040038E+001, 2.1830441E+001, 2.0042204E+001, 1.7099973E+002, 4.4375112E+001, 2.1887860E+001, 2.0211086E+001, 4.9869464E-003
 7.1713426E+001, 1.7047883E+002, 4.6547065E+001, 2.2175241E+001, 2.0042680E+001, 1.8536354E+002, 4.4723241E+001, 2.1897857E+001, 2.0197967E+001, 5.9386596E-003
 7.2689431E+001, 1.7328374E+002, 4.3863145E+001, 2.5030460E+001, 2.0044757E+001, 1.8575026E+002, 4.4657544E+001, 2.2116551E+001, 2.0187124E+001, 6.6490437E-003
 7.3660967E+001, 1.6357539E+002, 5.5452638E+001, 2.7498909E+001, 2.0049549E+001, 1.8724059E+002, 4.5565631E+001, 2.2713060E+001, 2.0178445E+001, 6.9691398E-003
 7.4629243E+001, 1.9078974E+002, 5.1381170E+001, 2.9149679E+001, 2.0060125E+001, 1.9073789E+002, 4.6912829E+001, 2.3493652E+001, 2.0172279E+001, 7.0050418E-003
 7.5594368E+001, 1.5351207E+002, 4.8345731E+001, 2.8858583E+001, 2.0080500E+001, 1.9110132E+002, 4.7361847E+001, 2.4203122E+001, 2.0169037E+001, 7.0824225E-003
 7.6568897E+001, 1.6902619E+002, 4.4481189E+001, 2.5776911E+001, 2.0118217E+001, 1.9095746E+002, 4.7103028E+001, 2.4604178E+001, 2.0169973E+001, 7.1262839E-003
 7.7540806E+001, 1.5900354E+002, 4.1055004E+001, 2.2921794E+001, 2.0170667E+001, 1.8575580E+002, 4.6407589E+001, 2.4519056E+001, 2.0176504E+001, 6.9352061E-003
 7.8509638E+001, 1.4884114E+002, 4.4593590E+001, 2.2653280E+001, 2.0317130E+001, 1.8464967E+002, 4.5806054E+001, 2.4267901E+001, 2.0191978E+001, 6.4973215E-003
 7.9472945E+001, 1.0806331E+002, 5.1474608E+001, 2.3206789E+001, 2.1462757E+001, 1.7517074E+002, 4.6038988E+001, 2.4101481E+001, 2.0267642E+001, 6.2991040E-003
 8.0441139E+001, 1.5434703E+002, 4.9944536E+001, 2.3949061E+001, 2.5906590E+001, 1.7395298E+002, 4.7035488E+001, 2.4038810E+001, 2.0774348E+001, 6.2230766E-003
 8.1419080E+001, 1.2885155E+002, 4.3315312E+001, 2.4876892E+001, 2.7875758E+001, 1.7455846E+002, 4.6770704E+001, 2.4083807E+001, 2.1791236E+001, 6.2435741E-003
 8.2387835E+001, 1.3676434E+002, 4.5458563E+001, 2.5270054E+001, 2.8655523E+001, 1.6589057E+002, 4.6221382E+001, 2.4199066E+001, 2.2746177E+001, 6.3980442E-003
 8.3350260E+001, 1.4663663E+002, 4.6500383E+001, 2.5282252E+001, 2.7525553E+001, 1.6896467E+002, 4.6295199E+001, 2.4307926E+001, 2.3562312E+001, 6.5228998E-003
 8.4320162E+001, 1.2356444E+002, 4.4925313E+001, 2.5453980E+001, 2.6391059E+001, 1.6485285E+002, 4.6071718E+001, 2.4427514E+001, 2.4050769E+001, 6.6512944E-003
 8.5299007E+001, 1.2607841E+002, 5.1347197E+001, 2.5746262E+001, 2.5994814E+001, 1.5722055E+002, 4.6196168E+001, 2.4576165E+001, 2.4361731E+001, 6.9044860E-003
 8.6272296E+001, 1.4304180E+002, 5.9811545E+001, 2.6312886E+001, 2.5713681E+001, 1.6593610E+002, 4.8093897E+001, 2.4775493E+001, 2.4561277E+001, 7.2064790E-003
 8.7235576E+001, 2.3304748E+002, 5.2195336E+001, 2.6645303E+001, 2.5451784E+001, 1.7199502E+002, 4.9405752E+001, 2.5008390E+001, 2.4684365E+001, 7.5390186E-003
 8.8204691E+001, 1.9647701E+002, 4.7069488E+001, 2.6590349E+001, 2.5231724E+001, 2.0662973E+002, 4.9301791E+001, 2.5220244E+001, 2.4744087E+001, 7.9107860E-003
 8.9178863E+001, 1.5380479E+002, 4.6932475E+001, 2.6693771E+001, 2.6329847E+001, 2.0262874E+002, 4.8849170E+001, 2.5397254E+001, 2.4850401E+001, 8.3199099E-003
 9.0144594E+001, 1.3758996E+002, 4.6417036E+001, 2.6881330E+001, 2.7418269E+001, 1.9197665E+002, 4.8535656E+001, 2.5567316E+001, 2.5123551E+001, 8.6506482E-003
 9.1119701E+001, 1.6042708E+002, 4.4495570E+001, 2.6377748E+001, 2.8022650E+001, 1.8408199E+002, 4.7959787E+001, 2.5702005E+001, 2.5464223E+001, 8.8363026E-003
 9.2080736E+001, 1.1922797E+002, 4.5487019E+001, 2.5040643E+001, 2.8196125E+001, 1.7631421E+002, 4.7410624E+001, 2.5685794E+001, 2.5797051E+001, 9.0325698E-003
 9.3056440E+001, 1.5460353E+002, 4.8903181E+001, 2.5022834E+001, 2.8027553E+001, 1.7302119E+002, 4.7371160E+001, 2.5567343E+001, 2.6073483E+001, 9.2320877E-003
 9.4024023E+001, 1.6155640E+002, 4.8868654E+001, 2.6517888E+001, 2.8679906E+001, 1.8303779E+002, 4.7551683E+001, 2.5559848E+001, 2.6333336E+001, 9.4617519E-003
 9.4997355E+001, 1.1985076E+002, 4.6469996E+001, 2.8406173E+001, 2.9797364E+001, 1.7346115E+002, 4.7510121E+001, 2.5863889E+001, 2.6694422E+001, 9.7908905E-003
 9.5967762E+001, 2.4423652E+002, 4.9052292E+001, 2.7628546E+001, 3.0084102E+001, 1.8518068E+002, 4.7407411E+001, 2.6145075E+001, 2.7113004E+001, 9.9879829E-003
 9.6937113E+001, 2.3646675E+002, 4.7872009E+001, 2.7044862E+001, 3.0126947E+001, 2.1700900E+002, 4.7672540E+001, 2.6353024E+001, 2.7488876E+001, 1.0043176E-002
 9.7903697E+001, 2.4979997E+002, 4.3631058E+001, 2.5323977E+001, 2.9621952E+001, 2.3040612E+002, 4.7259018E+001, 2.6294782E+001, 2.7785310E+001, 1.0129985E-002
 9.8872866E+001, 2.2359853E+002, 4.4257204E+001, 2.3255810E+001, 2.9066021E+001, 2.4410228E+002, 4.6627996E+001, 2.5978223E+001, 2.7952470E+001, 1.0337466E-002
 9.9843828E+001, 1.9202100E+002, 4.9209443E+001, 2.2780849E+001, 2.9645054E+001, 2.4407126E+002, 4.6574624E+001, 2.5526300E+001, 2.8102557E+001, 1.0530669E-002
 1.0081686E+002, 1.0543736E+002, 5.3904174E+001, 2.4864855E+001, 3.0127908E+001, 2.1407715E+002, 4.7233214E+001, 2.5268069E+001, 2.8313251E+001, 1.0676557E-002
 1.0178544E+002, 1.1590804E+002, 5.7785488E+001, 2.8483105E+001, 3.0317725E+001, 1.9230457E+002, 4.8386124E+001, 2.5481323E+001, 2.8536621E+001, 1.0805048E-002
 1.0275045E+002, 2.9589364E+002, 5.3164968E+001, 3.0557694E+001, 3.0547499E+001, 2.0771025E+002, 4.9374438E+001, 2.6135148E+001, 2.8759407E+001, 1.0919137E-002
 1.0372941E+002, 1.9722209E+002, 4.9759134E+001, 3.4398835E+001, 3.0683313E+001, 2.4524554E+002, 4.9491580E+001, 2.7255810E+001, 2.8966308E+001, 1.0956935E-002
 1.0469624E+002, 1.9124352E+002, 4.5444896E+001, 3.3911322E+001, 3.0662338E+001, 2.2719265E+002, 4.9177896E+001, 2.8489995E+001, 2.9137887E+001, 1.0994463E-002
 1.0566522E+002, 1.6376546E+002, 4.2886864E+001, 3.4301890E+001, 3.0470929E+001, 2.1899628E+002, 4.8402467E+001, 2.9390054E+001, 2.9260734E+001, 1.1043397E-002
 1.0663955E+002, 2.3128916E+002, 4.4574355E+001, 3.3010741E+001, 3.0068133E+001, 2.1759398E+002, 4.7715341E+001, 3.0048821E+001, 2.9328067E+001, 1.1252786E-002
 1.0760226E+002, 2.2487609E+002, 4.4145020E+001, 3.2668647E+001, 2.9566431E+001, 2.3557397E+002, 4.7141588E+001, 3.0539295E+001, 2.9333884E+001, 1.1592369E-002
 1.0857254E+002, 2.6154801E+002, 5.4052655E+001, 3.1697116E+001, 2.9277723E+001, 2.4591266E+002, 4.7226532E+001, 3.0725058E+001, 2.9296058E+001, 1.1785098E-002
 1.0954894E+002, 1.8364386E+002, 5.6097210E+001, 3.2061059E+001, 2.9193786E+001, 2.4344978E+002, 4.8420139E+001, 3.0902032E+001, 2.9244807E+001, 1.2022204E-002
 1.1051496E+002, 1.4172702E+002, 4.9438828E+001, 3.1497538E+001, 2.9308754E+001, 2.2478454E+002, 4.8875255E+001, 3.1000445E+001, 2.9201069E+001, 1.2240445E-002
 1.1148726E+002, 1.6659800E+002, 4.8744248E+001, 3.0768933E+001, 2.9540301E+001, 2.0914471E+002, 4.8742854E+001, 3.0978570E+001, 2.9183556E+001, 1.2482982E-002
 1.1245688E+002, 2.0272657E+002, 5.1552982E+001, 3.1630202E+001, 2.9763164E+001, 2.1130026E+002, 4.8871485E+001, 3.0942432E+001, 2.9194761E+001, 1.2721171E-002
 1.1343099E+002, 2.0296132E+002, 5.0596770E+001, 3.4497761E+001, 3.0054555E+001, 2.1040253E+002, 4.9210399E+001, 3.1219813E+001, 2.9234324E+001, 1.2968361E-002
 1.1439280E+002, 1.5348445E+002, 4.7892160E+001, 3.6628614E+001, 3.0701249E+001, 2.0998868E+002, 4.9134658E+001, 3.1891574E+001, 2.9325850E+001, 1.3216249E-002
 1.1536390E+002, 1.5563170E+002, 4.5633940E+001, 3.4889425E+001, 3.1816975E+001, 1.9818164E+002, 4.8643221E+001, 3.2456353E+001, 2.9526679E+001, 1.3500173E-002
 1.1634271E+002, 1.7652650E+002, 5.0244214E+001, 3.4795988E+001, 3.2623784E+001, 1.9408392E+002, 4.8445508E+001, 3.2774306E+001, 2.9840064E+001, 1.3759281E-002
 1.1730479E+002, 1.9744860E+002, 4.8820005E+001, 3.3975081E+001, 3.3532471E+001, 2.0587502E+002, 4.8610589E+001, 3.2989849E+001, 3.0222575E+001, 1.3831995E-002
 1.1827482E+002, 9.6461192E+001, 5.4720444E+001, 3.3574609E+001, 3.4324735E+001, 1.9412107E+002, 4.9038555E+001, 3.3044878E+001, 3.0678217E+001, 1.3724700E-002
 1.1925306E+002, 2.0572995E+002, 5.1584366E+001, 3.4249153E+001, 3.4222903E+001, 1.9486967E+002, 4.9564544E+001, 3.3132286E+001, 3.1118726E+001, 1.3498373E-002
 1.2021135E+002, 2.1450105E+002, 4.4751995E+001, 3.3048935E+001, 3.3709886E+001, 2.0280332E+002, 4.9502950E+001, 3.3192332E+001, 3.1442357E+001, 1.3343200E-002
 1.2118896E+002, 1.9105323E+002, 3.6569875E+001, 3.2870226E+001, 3.3237543E+001, 2.1657809E+002, 4.8053446E+001, 3.3045648E+001, 3.1648642E+001, 1.3260561E-002
 1.2215780E+002, 1.5828119E+002, 4.2942076E+001, 3.3631676E+001, 3.2824946E+001, 2.0669096E+002, 4.6791056E+001, 3.3050144E+001, 3.1768999E+001, 1.3436988E-002
 1.2312627E+002, 2.1616200E+002, 5.4330169E+001, 3.3228002E+001, 3.2300646E+001, 2.0737451E+002, 4.7127445E+001, 3.3068838E+001, 3.1811873E+001, 1.3756504E-002
 1.2410126E+002, 1.6396314E+002, 5.3281220E+001, 3.2720468E+001, 3.1849041E+001, 2.1302036E+002, 4.8265634E+001, 3.2998699E+001, 3.1785189E+001, 1.4079871E-002
 1.2506465E+002, 1.5466625E+002, 4.4446957E+001, 3.2423515E+001, 3.1596008E+001, 1.9948936E+002, 4.8282443E+001, 3.2862294E+001, 3.1717244E+001, 1.4339942E-002
 1.2603559E+002, 1.8456619E+002, 4.0391963E+001, 3.2958707E+001, 3.1535792E+001, 1.9568217E+002, 4.7299969E+001, 3.2782882E+001, 3.1640665E+001, 1.4611959E-002
 1.2701314E+002, 2.0412496E+002, 4.7318903E+001, 3.3168937E+001, 3.1566911E+001, 2.1167064E+002, 4.6761010E+001, 3.2783211E+001, 3.1572595E+001, 1.4799466E-002
 1.2797776E+002, 2.2318615E+002, 5.7001773E+001, 3.3556373E+001, 3.1580595E+001, 2.1478080E+002, 4.7499927E+001, 3.2795354E+001, 3.1517964E+001, 1.4931843E-002
 1.2894257E+002, 1.9435425E+002, 5.4009743E+001, 3.5425609E+001, 3.1628734E+001, 2.2305259E+002, 4.8941522E+001, 3.3045691E+001, 3.1471872E+001, 1.5036516E-002
 1.2991047E+002, 1.3875499E+002, 5.2962433E+001, 3.2515807E+001, 3.2205981E+001, 2.0943729E+002, 4.9578772E+001, 3.3212572E+001, 3.1469465E+001, 1.5067168E-002
 1.3089059E+002, 1.4733913E+002, 5.3815362E+001, 3.0040316E+001, 3.3096777E+001, 1.9595289E+002, 5.0067335E+001, 3.2747584E+001, 3.1572183E+001, 1.5056654E-002
 1.3186255E+002, 1.0077738E+002, 5.1229959E+001, 3.3467023E+001, 3.3539380E+001, 1.7933530E+002, 5.0329177E+001, 3.2571567E+001, 3.1749143E+001, 1.5049587E-002
 1.3282107E+002, 9.8231883E+001, 5.4150861E+001, 3.2769718E+001, 3.3631075E+001, 1.6590205E+002, 5.0555828E+001, 3.2627656E+001, 3.1928648E+001, 1.5041555E-002
 1.3379979E+002, 1.6492303E+002, 5.6021241E+001, 3.1829867E+001, 3.3672245E+001, 1.6036758E+002, 5.1057849E+001, 3.2549550E+001, 3.2092175E+001, 1.5087170E-002
 1.3476982E+002, 1.2565215E+002, 5.6557238E+001, 2.8689544E+001, 3.3814285E+001, 1.6324959E+002, 5.1682924E+001, 3.2103933E+001, 3.2245805E+001, 1.5239846E-002
 1.3573336E+002, 1.8402362E+002, 5.3734108E+001, 2.8034486E+001, 3.4128520E+001, 1.6784326E+002, 5.2131862E+001, 3.1471539E+001, 3.2408382E+001, 1.5215814E-002
 1.3671060E+002, 2.1615349E+002, 4.9553458E+001, 2.7684694E+001, 3.4158495E+001, 1.9241077E+002, 5.1848269E+001, 3.0882356E+001, 3.2581829E+001, 1.5036098E-002
 1.3767058E+002, 1.5845498E+002, 4.4644763E+001, 2.9636388E+001, 3.3776936E+001, 1.9980990E+002, 5.1107073E+001, 3.0448081E+001, 3.2706780E+001, 1.4955139E-002
 1.3864285E+002, 2.2285664E+002, 4.1689166E+001, 3.0835705E+001, 3.3553811E+001, 1.9994975E+002, 4.9741093E+001, 3.0437449E+001, 3.2764560E+001, 1.4933634E-002
 1.3961745E+002, 1.2883463E+002, 4.5591106E+001, 3.1333438E+001, 3.3698143E+001, 2.0417653E+002, 4.8778388E+001, 3.0466719E+001, 3.2810443E+001, 1.5017467E-002
 1.4059247E+002, 1.1359682E+002, 4.6261483E+001, 3.3353557E+001, 3.3545657E+001, 1.8546242E+002, 4.8347694E+001, 3.0750064E+001, 3.2852607E+001, 1.5157203E-002
 1.4156121E+002, 2.3891363E+002, 4.9018407E+001, 3.4427410E+001, 3.3249312E+001, 1.9589496E+002, 4.8104287E+001, 3.1225941E+001, 3.2860139E+001, 1.5331516E-002
 1.4252079E+002, 1.7227454E+002, 4.9932769E+001, 3.3903523E+001, 3.3013815E+001, 2.0401212E+002, 4.8320798E+001, 3.1702871E+001, 3.2832554E+001, 1.5546254E-002
 1.4349269E+002, 1.5864617E+002, 5.2056668E+001, 3.1812200E+001, 3.2656465E+001, 2.0303355E+002, 4.8578800E+001, 3.1883284E+001, 3.2773119E+001, 1.5604731E-002
 1.4446840E+002, 2.6384936E+002, 5.2729511E+001, 2.9010377E+001, 3.2074838E+001, 2.1530689E+002, 4.9162995E+001, 3.1536085E+001, 3.2659727E+001, 1.5550397E-002
 1.4543543E+002, 1.8000665E+002, 4.8013033E+001, 2.9003514E+001, 3.1569698E+001, 2.2855599E+002, 4.9167440E+001, 3.1102276E+001, 3.2491174E+001, 1.5487830E-002
 1.4640279E+002, 1.8566565E+002, 4.8681982E+001, 2.7393798E+001, 3.1475050E+001, 2.1843014E+002, 4.8995136E+001, 3.0621005E+001, 3.2309346E+001, 1.5351869E-002
 1.4737172E+002, 2.5600609E+002, 4.8455370E+001, 2.7173346E+001, 3.1833999E+001, 2.2439443E+002, 4.8782022E+001, 3.0040133E+001, 3.2168364E+001, 1.5232860E-002
 1.4834296E+002, 2.8758325E+002, 4.9265645E+001, 2.8801628E+001, 3.2486517E+001, 2.5025809E+002, 4.8751700E+001, 2.9721352E+001, 3.2108197E+001, 1.5181590E-002
 1.4931331E+002, 1.8698562E+002, 4.9313087E+001, 3.0565230E+001, 3.3351887E+001, 2.6186763E+002, 4.8714397E+001, 2.9673634E+001, 3.2149431E+001, 1.5193021E-002
 1.5028601E+002, 1.9822422E+002, 5.0702139E+001, 3.1648725E+001, 3.4356555E+001, 2.4061048E+002, 4.8840308E+001, 2.9904137E+001, 3.2303285E+001, 1.5242005E-002
 1.5125311E+002, 2.0318321E+002, 5.0517975E+001, 3.2908050E+001, 3.5193498E+001, 2.3565907E+002, 4.9055531E+001, 3.0270748E+001, 3.2551580E+001, 1.5319965E-002
 1.5223146E+002, 1.9796870E+002, 4.7062494E+001, 3.4633962E+001, 3.5559160E+001, 2.3656381E+002, 4.8925093E+001, 3.0828511E+001, 3.2843594E+001, 1.5416007E-002
 1.5319317E+002, 2.2978175E+002, 5.1707493E+001, 3.6207776E+001, 3.4913837E+001, 2.3074502E+002, 4.8822733E+001, 3.1597503E+001, 3.3082255E+001, 1.5407355E-002
 1.5416861E+002, 3.2118348E+002, 5.7589275E+001, 3.7677844E+001, 3.3739503E+001, 2.5216402E+002, 4.9558734E+001, 3.2485557E+001, 3.3167867E+001, 1.5407263E-002
 1.5514135E+002, 1.7906284E+002, 5.6876487E+001, 3.6529993E+001, 3.2931087E+001, 2.7517711E+002, 5.0710255E+001, 3.3256209E+001, 3.3116171E+001, 1.5356382E-002
 1.5610202E+002, 2.3235412E+002, 4.8463060E+001, 3.3361644E+001, 3.2680789E+001, 2.5458351E+002, 5.0808606E+001, 3.3497799E+001, 3.3010082E+001, 1.5390305E-002
 1.5707716E+002, 1.9220425E+002, 5.0138520E+001, 3.1524959E+001, 3.2879939E+001, 2.4629771E+002, 5.0463684E+001, 3.3230967E+001, 3.2917116E+001, 1.5518226E-002
 1.5805007E+002, 2.2277100E+002, 5.2044129E+001, 3.0029919E+001, 3.3241712E+001, 2.4861806E+002, 5.0522569E+001, 3.2781725E+001, 3.2870900E+001, 1.5759278E-002
 1.5901426E+002, 2.4169162E+002, 5.5261863E+001, 2.7845737E+001, 3.3578488E+001, 2.4836625E+002, 5.0968532E+001, 3.2097342E+001, 3.2873140E+001, 1.6010251E-002
 1.5998574E+002, 1.2939874E+002, 5.2322155E+001, 2.8888575E+001, 3.3871316E+001, 2.3170494E+002, 5.1530067E+001, 3.1394647E+001, 3.2915966E+001, 1.6159977E-002
 1.6095751E+002, 1.4166523E+002, 4.1925025E+001, 3.2565098E+001, 3.3991785E+001, 2.0958905E+002, 5.0826695E+001, 3.1295345E+001, 3.2980585E+001, 1.6119448E-002
 1.6192342E+002, 1.4294580E+002, 3.7358099E+001, 3.4836828E+001, 3.3999425E+001, 1.9606624E+002, 4.9233215E+001, 3.1710297E+001, 3.3042734E+001, 1.5930954E-002
 1.6289490E+002, 1.6949231E+002, 4.4518308E+001, 3.2842423E+001, 3.4216395E+001, 1.9175254E+002, 4.7900299E+001, 3.2034352E+001, 3.3107291E+001, 1.5741335E-002
 1.6386417E+002, 1.5981322E+002, 5.1121391E+001, 3.1786051E+001, 3.4627669E+001, 1.9649115E+002, 4.7920082E+001, 3.2027952E+001, 3.3207647E+001, 1.5569242E-002
 1.6483580E+002, 2.2426634E+002, 5.6532649E+001, 3.2629890E+001, 3.4705361E+001, 1.9778215E+002, 4.8914246E+001, 3.1986814E+001, 3.3333462E+001, 1.5511223E-002
 1.6580900E+002, 2.1938045E+002, 5.6912842E+001, 3.2623202E+001, 3.4285727E+001, 2.1224015E+002, 5.0300720E+001, 3.2066878E+001, 3.3416616E+001, 1.5532836E-002
 1.6677809E+002, 2.8298868E+002, 5.2143762E+001, 3.1962019E+001, 3.4172321E+001, 2.3954543E+002, 5.0765803E+001, 3.2066154E+001, 3.3452403E+001, 1.5650205E-002
 1.6774597E+002, 2.2214123E+002, 5.7296917E+001, 3.2195088E+001, 3.4191463E+001, 2.6000723E+002, 5.1391653E+001, 3.2006193E+001, 3.3484055E+001, 1.5894844E-002
 1.6871842E+002, 2.1410619E+002, 4.8011082E+001, 3.1367676E+001, 3.4010973E+001, 2.5162846E+002, 5.1626817E+001, 3.1943605E+001, 3.3498935E+001, 1.6064300E-002
 1.6969077E+002, 2.8047891E+002, 4.4490258E+001, 2.9416989E+001, 3.4098970E+001, 2.5600652E+002, 5.0534128E+001, 3.1655738E+001, 3.3503515E+001, 1.6208453E-002
 1.7065814E+002, 1.7537327E+002, 4.8689315E+001, 2.8449485E+001, 3.4155082E+001, 2.5388494E+002, 4.9880802E+001, 3.1160159E+001, 3.3521697E+001, 1.6219365E-002
 1.7162051E+002, 2.1182589E+002, 5.1147261E+001, 2.9114197E+001, 3.3873956E+001, 2.3673774E+002, 4.9798512E+001, 3.0708654E+001, 3.3519733E+001, 1.6099382E-002
 1.7259803E+002, 3.6239058E+002, 6.0453259E+001, 3.1830814E+001, 3.3431229E+001, 2.7794528E+002, 5.0671610E+001, 3.0676556E+001, 3.3468046E+001, 1.5904224E-002
 1.7356619E+002, 2.5373187E+002, 5.2078933E+001, 3.0196367E+001, 3.3232452E+001, 2.8262896E+002, 5.1878344E+001, 3.0731400E+001, 3.3380297E+001, 1.5637428E-002
 1.7453965E+002, 2.7523806E+002, 4.2472131E+001, 3.2025721E+001, 3.3324396E+001, 2.9196153E+002, 5.0752681E+001, 3.0681205E+001, 3.3299690E+001, 1.5442199E-002
 1.7550081E+002, 1.4382380E+002, 4.3646756E+001, 3.4700207E+001, 3.3540524E+001, 2.7406906E+002, 4.9542576E+001, 3.1148922E+001, 3.3251923E+001, 1.5452483E-002
 1.7647872E+002, 1.1207705E+002, 4.3505818E+001, 3.6386199E+001, 3.3920145E+001, 2.3634447E+002, 4.8727256E+001, 3.1873733E+001, 3.3247636E+001, 1.5573000E-002
 1.7744345E+002, 1.3544927E+002, 4.5700761E+001, 3.6045952E+001, 3.4457118E+001, 2.0972438E+002, 4.7958628E+001, 3.2620186E+001, 3.3308369E+001, 1.5796684E-002
 1.7841494E+002, 1.3900326E+002, 5.3294310E+001, 3.5228424E+001, 3.4400865E+001, 1.9229953E+002, 4.8206012E+001, 3.3040337E+001, 3.3400697E+001, 1.6089122E-002
 1.7938673E+002, 1.6796093E+002, 5.1011994E+001, 3.7578536E+001, 3.3838686E+001, 1.8628738E+002, 4.8822079E+001, 3.3551649E+001, 3.3430714E+001, 1.6374581E-002
 1.8035509E+002, 1.9823053E+002, 4.9330838E+001, 3.6526127E+001, 3.3263727E+001, 1.9767632E+002, 4.8877644E+001, 3.4192460E+001, 3.3378408E+001, 1.6368929E-002
 1.8132742E+002, 2.3278576E+002, 5.0440813E+001, 3.2683246E+001, 3.2813890E+001, 2.1730647E+002, 4.8936944E+001, 3.4166530E+001, 3.3268066E+001, 1.6158591E-002
 1.8229119E+002, 2.2806403E+002, 5.2988004E+001, 3.0749864E+001, 3.2647945E+001, 2.1938034E+002, 4.9286328E+001, 3.3689907E+001, 3.3132958E+001, 1.5944636E-002
 1.8326100E+002, 1.7858996E+002, 5.4424891E+001, 3.0729287E+001, 3.2910543E+001, 2.2535661E+002, 4.9968022E+001, 3.3129502E+001, 3.3022286E+001, 1.5826543E-002
 1.8423365E+002, 2.6025783E+002, 5.0023082E+001, 3.1775907E+001, 3.3407262E+001, 2.2828669E+002, 5.0319867E+001, 3.2802310E+001, 3.2978031E+001, 1.5783918E-002
 1.8520943E+002, 2.5591014E+002, 5.0425419E+001, 3.2236763E+001, 3.3761630E+001, 2.4960351E+002, 5.0006460E+001, 3.2604282E+001, 3.2998924E+001, 1.5754120E-002
 1.8618086E+002, 2.8834054E+002, 5.4379164E+001, 3.3206240E+001, 3.3802654E+001, 2.5817730E+002, 5.0472214E+001, 3.2587815E+001, 3.3039997E+001, 1.5698225E-002
 1.8714662E+002, 2.0344453E+002, 5.2770417E+001, 3.4791507E+001, 3.3609590E+001, 2.7685339E+002, 5.0845578E+001, 3.2756707E+001, 3.3061792E+001, 1.5655768E-002
 1.8811061E+002, 1.4049386E+002, 5.0776150E+001, 3.3477274E+001, 3.3476313E+001, 2.4377407E+002, 5.0842759E+001, 3.2982995E+001, 3.3054840E+001, 1.5656098E-002
 1.8908432E+002, 1.3041166E+002, 5.3566410E+001, 3.2696501E+001, 3.3640238E+001, 2.2320335E+002, 5.0888860E+001, 3.2881572E+001, 3.3050931E+001, 1.5690501E-002
 1.9005869E+002, 1.7184427E+002, 5.6067798E+001, 3.3552515E+001, 3.3832124E+001, 2.0593388E+002, 5.1514130E+001, 3.2898236E+001, 3.3070940E+001, 1.5801100E-002
 1.9102674E+002, 1.5747880E+002, 4.8239917E+001, 3.2847798E+001, 3.3982251E+001, 1.9843576E+002, 5.1505310E+001, 3.2905938E+001, 3.3106235E+001, 1.5910077E-002
 1.9199044E+002, 1.5657330E+002, 4.9176186E+001, 3.1532580E+001, 3.4098568E+001, 1.9058161E+002, 5.0908721E+001, 3.2733758E+001, 3.3149763E+001, 1.6174234E-002
 1.9296097E+002, 1.8401084E+002, 5.1794135E+001, 3.3278881E+001, 3.4123354E+001, 1.9318108E+002, 5.0785018E+001, 3.2577496E+001, 3.3192909E+001, 1.6426181E-002
 1.9393289E+002, 1.8361451E+002, 5.2116792E+001, 3.6394949E+001, 3.3938149E+001, 2.0367217E+002, 5.0847688E+001, 3.2979202E+001, 3.3223427E+001, 1.6717838E-002
 1.9490847E+002, 1.7307396E+002, 5.3259907E+001, 3.5831423E+001, 3.3551768E+001, 2.0220572E+002, 5.0964244E+001, 3.3468383E+001, 3.3218448E+001, 1.6944039E-002
 1.9588230E+002, 1.7250071E+002, 5.4320908E+001, 3.4400025E+001, 3.3213190E+001, 1.9669449E+002, 5.1346372E+001, 3.3696733E+001, 3.3171365E+001, 1.7192288E-002
 1.9684256E+002, 2.1106052E+002, 5.3225609E+001, 3.4615302E+001, 3.3112594E+001, 2.0159154E+002, 5.1586265E+001, 3.3730901E+001, 3.3102825E+001, 1.7426786E-002
 1.9781876E+002, 1.1308654E+002, 4.7597405E+001, 3.6109872E+001, 3.3494993E+001, 2.0023829E+002, 5.1367879E+001, 3.3932053E+001, 3.3059821E+001, 1.7413462E-002
 1.9878357E+002, 9.5010689E+001, 4.4279816E+001, 3.6798723E+001, 3.4400447E+001, 1.7754944E+002, 5.0424715E+001, 3.4300587E+001, 3.3104644E+001, 1.7226183E-002
 1.9975085E+002, 1.4164192E+002, 4.4383763E+001, 3.6492004E+001, 3.5337802E+001, 1.6830596E+002, 4.9396558E+001, 3.4605925E+001, 3.3263583E+001, 1.7042522E-002
 2.0072763E+002, 2.2725621E+002, 4.3429164E+001, 3.7282226E+001, 3.5683614E+001, 1.7878075E+002, 4.8523905E+001, 3.4921275E+001, 3.3485298E+001, 1.6877630E-002
 2.0170128E+002, 2.0295926E+002, 4.3332890E+001, 3.6331513E+001, 3.5474981E+001, 2.0667481E+002, 4.7719870E+001, 3.5199260E+001, 3.3681042E+001, 1.6777883E-002
 2.0266796E+002, 1.4320887E+002, 4.7957527E+001, 3.2465356E+001, 3.5269447E+001, 2.0121152E+002, 4.7345940E+001, 3.5043446E+001, 3.3815848E+001, 1.6552800E-002
 2.0364221E+002, 1.5098800E+002, 5.2390927E+001, 3.0814651E+001, 3.5412539E+001, 1.8854038E+002, 4.7828860E+001, 3.4374085E+001, 3.3931773E+001, 1.6437893E-002
 2.0460743E+002, 1.4861739E+002, 5.1084246E+001, 3.0975871E+001, 3.5499245E+001, 1.9171287E+002, 4.8374316E+001, 3.3782899E+001, 3.4056267E+001, 1.6445824E-002
 2.0557303E+002, 1.1695413E+002, 5.0632240E+001, 3.3072120E+001, 3.5395059E+001, 1.7677766E+002, 4.8644763E+001, 3.3419936E+001, 3.4170390E+001, 1.6410325E-002
 2.0654403E+002, 1.4065603E+002, 4.7698132E+001, 3.2837910E+001, 3.5357464E+001, 1.7350429E+002, 4.8649476E+001, 3.3336937E+001, 3.4262005E+001, 1.6272525E-002
 2.0751291E+002, 9.4488718E+001, 4.7583495E+001, 3.2374956E+001, 3.5284649E+001, 1.6092608E+002, 4.8416435E+001, 3.3139342E+001, 3.4334638E+001, 1.6233422E-002
 2.0848773E+002, 1.6398609E+002, 4.4438054E+001, 3.3635561E+001, 3.5044862E+001, 1.6036713E+002, 4.8056924E+001, 3.3042500E+001, 3.4371505E+001, 1.6375802E-002
 2.0945491E+002, 1.4348437E+002, 3.9367907E+001, 3.4289287E+001, 3.4728394E+001, 1.6499628E+002, 4.7062755E+001, 3.3211724E+001, 3.4367296E+001, 1.6705736E-002
 2.1042318E+002, 1.4303607E+002, 4.2374083E+001, 3.0486085E+001, 3.4162363E+001, 1.6151313E+002, 4.6091618E+001, 3.3013817E+001, 3.4307625E+001, 1.7298333E-002
 2.1139290E+002, 1.4788145E+002, 4.8401321E+001, 3.0120261E+001, 3.3639132E+001, 1.6919922E+002, 4.5929079E+001, 3.2486845E+001, 3.4181883E+001, 1.7566601E-002
 2.1236018E+002, 1.2957812E+002, 4.9436911E+001, 3.0580971E+001, 3.3560835E+001, 1.6715769E+002, 4.6266955E+001, 3.2106445E+001, 3.4034915E+001, 1.7361306E-002
 2.1333687E+002, 8.3320814E+001, 4.8393416E+001, 3.0568546E+001, 3.3882538E+001, 1.5614672E+002, 4.6552333E+001, 3.1849030E+001, 3.3925168E+001, 1.7119975E-002
 2.1430871E+002, 8.2757719E+001, 4.8733863E+001, 2.8839574E+001, 3.4346387E+001, 1.4456348E+002, 4.6698618E+001, 3.1476474E+001, 3.3882079E+001, 1.7027051E-002
 2.1527863E+002, 1.3625133E+002, 5.4010942E+001, 2.9471049E+001, 3.4701705E+001, 1.4339970E+002, 4.7276031E+001, 3.1040641E+001, 3.3898451E+001, 1.7150522E-002
 2.1624403E+002, 1.5237505E+002, 5.4570906E+001, 3.2870122E+001, 3.4718387E+001, 1.5028615E+002, 4.8381656E+001, 3.1048916E+001, 3.3937860E+001, 1.7415057E-002
 2.1721523E+002, 1.9674359E+002, 4.7202136E+001, 3.3669217E+001, 3.4392875E+001, 1.6719898E+002, 4.8736994E+001, 3.1418103E+001, 3.3951700E+001, 1.7527084E-002
 2.1819359E+002, 1.6012139E+002, 4.7237202E+001, 3.3218484E+001, 3.3923761E+001, 1.7824716E+002, 4.8219407E+001, 3.1739903E+001, 3.3908838E+001, 1.7359690E-002
 2.1915514E+002, 1.5477035E+002, 4.6755912E+001, 3.0357850E+001, 3.3648850E+001, 1.7879399E+002, 4.8096683E+001, 3.1713483E+001, 3.3822318E+001, 1.7165598E-002
 2.2012630E+002, 1.1818372E+002, 4.4372138E+001, 2.9746854E+001, 3.3758282E+001, 1.7618141E+002, 4.7609716E+001, 3.1369987E+001, 3.3738318E+001, 1.7003431E-002
 2.2110180E+002, 1.7311418E+002, 5.2165227E+001, 2.9865834E+001, 3.4093680E+001, 1.7403227E+002, 4.7612429E+001, 3.1097487E+001, 3.3693904E+001, 1.6922975E-002
 2.2206336E+002, 2.2686010E+002, 5.5131930E+001, 3.0101283E+001, 3.4551033E+001, 1.8698207E+002, 4.8522503E+001, 3.0884493E+001, 3.3705179E+001, 1.6669830E-002
 2.2303826E+002, 1.4567608E+002, 5.3539900E+001, 3.0043626E+001, 3.4932002E+001, 2.0140039E+002, 4.9200348E+001, 3.0694442E+001, 3.3765066E+001, 1.6409303E-002
 2.2400011E+002, 1.5475396E+002, 5.5611591E+001, 3.1695114E+001, 3.5095654E+001, 1.8867270E+002, 4.9926510E+001, 3.0658420E+001, 3.3847243E+001, 1.6361907E-002
 2.2497845E+002, 2.0578166E+002, 5.4769874E+001, 3.6873612E+001, 3.4914698E+001, 1.9275790E+002, 5.0741308E+001, 3.1222087E+001, 3.3915022E+001, 1.6523367E-002
 2.2594480E+002, 1.9525098E+002, 4.4304179E+001, 3.6198174E+001, 3.4587491E+001, 2.0474237E+002, 5.0590587E+001, 3.2075464E+001, 3.3939400E+001, 1.6795005E-002
 2.2692015E+002, 1.5874171E+002, 4.3661851E+001, 3.4477539E+001, 3.4372193E+001, 2.0528248E+002, 4.9445858E+001, 3.2613378E+001, 3.3927821E+001, 1.7060314E-002
 2.2788143E+002, 1.5240481E+002, 5.0929711E+001, 3.2283080E+001, 3.4249279E+001, 1.9421964E+002, 4.9041934E+001, 3.2674507E+001, 3.3899945E+001, 1.7264833E-002
 2.2886000E+002, 1.1985918E+002, 5.6705076E+001, 3.0799659E+001, 3.4138094E+001, 1.8365959E+002, 4.9737558E+001, 3.2408045E+001, 3.3862856E+001, 1.7390504E-002
 2.2982580E+002, 2.0882030E+002, 5.5354129E+001, 3.1843237E+001, 3.4035048E+001, 1.9214846E+002, 5.0575834E+001, 3.2200695E+001, 3.3817492E+001, 1.7503415E-002
 2.3079608E+002, 2.2130821E+002, 5.5579381E+001, 3.1744411E+001, 3.3998936E+001, 2.0411468E+002, 5.1200327E+001, 3.2065352E+001, 3.3768704E+001, 1.7647837E-002
 2.3176740E+002, 1.7423108E+002, 4.8386308E+001, 3.2899159E+001, 3.4095543E+001, 2.0884312E+002, 5.1038604E+001, 3.2083178E+001, 3.3727750E+001, 1.7823620E-002
 2.3273431E+002, 1.3770027E+002, 4.4062901E+001, 3.2762050E+001, 3.4378930E+001, 1.9918768E+002, 5.0305730E+001, 3.2167841E+001, 3.3711181E+001, 1.7915040E-002
 2.3370106E+002, 1.0149751E+002, 4.5793356E+001, 3.2909804E+001, 3.4800813E+001, 1.8092404E+002, 4.9212977E+001, 3.2232288E+001, 3.3737321E+001, 1.7881530E-002
 2.3467848E+002, 2.0213847E+002, 5.1201807E+001, 3.1347045E+001, 3.5152515E+001, 1.7859164E+002, 4.9040899E+001, 3.2200046E+001, 3.3806958E+001, 1.7718113E-002
 2.3564815E+002, 1.6762564E+002, 5.4962584E+001, 3.1073676E+001, 3.5283004E+001, 1.9447459E+002, 4.9612776E+001, 3.1941550E+001, 3.3897232E+001, 1.7438744E-002
 2.3661492E+002, 1.6321971E+002, 5.5644293E+001, 3.2045598E+001, 3.5193644E+001, 1.8840962E+002, 5.0364999E+001, 3.1846445E+001, 3.3975694E+001, 1.7219726E-002
 2.3758993E+002, 1.7901848E+002, 5.3662181E+001, 3.2970047E+001, 3.5105907E+001, 1.9437654E+002, 5.1061542E+001, 3.1901171E+001, 3.4029455E+001, 1.7040262E-002
 2.3855374E+002, 1.7385846E+002, 4.5435392E+001, 3.4163128E+001, 3.5181971E+001, 1.9556259E+002, 5.0495911E+001, 3.2135695E+001, 3.4074948E+001, 1.7004384E-002
 2.3952231E+002, 1.6586385E+002, 4.5143808E+001, 3.2945251E+001, 3.5425438E+001, 1.9509315E+002, 4.9629646E+001, 3.2339020E+001, 3.4135789E+001, 1.6997916E-002
 2.4049249E+002, 1.3367864E+002, 4.7885562E+001, 3.3133064E+001, 3.5706367E+001, 1.8878190E+002, 4.8961540E+001, 3.2373218E+001, 3.4225146E+001, 1.7034013E-002
 2.4146097E+002, 1.4478237E+002, 5.2167800E+001, 3.1822105E+001, 3.5791473E+001, 1.8155107E+002, 4.9067870E+001, 3.2377223E+001, 3.4330057E+001, 1.7104016E-002
 2.4243259E+002, 1.3564908E+002, 5.2960135E+001, 3.2128840E+001, 3.5532101E+001, 1.8099130E+002, 4.9595156E+001, 3.2214980E+001, 3.4417412E+001, 1.7330452E-002
 2.4340863E+002, 1.4598221E+002, 5.6437803E+001, 3.4232893E+001, 3.4952630E+001, 1.7566286E+002, 5.0069664E+001, 3.2367560E+001, 3.4446298E+001, 1.7682828E-002
 2.4437028E+002, 1.7620371E+002, 5.1271293E+001, 3.3677277E+001, 3.4433149E+001, 1.7482160E+002, 5.1179214E+001, 3.2606154E+001, 3.4401400E+001, 1.8014666E-002
 2.4534587E+002, 1.7926584E+002, 4.5117033E+001, 3.2935886E+001, 3.4363887E+001, 1.8970209E+002, 5.0375455E+001, 3.2655798E+001, 3.4325722E+001, 1.8276683E-002
 2.4631624E+002, 2.6101496E+002, 4.8571062E+001, 3.2842421E+001, 3.4619581E+001, 2.1011561E+002, 4.9841878E+001, 3.2641478E+001, 3.4275015E+001, 1.8499682E-002
 2.4728852E+002, 2.0728052E+002, 4.4110885E+001, 3.2961124E+001, 3.4906476E+001, 2.2778787E+002, 4.9272280E+001, 3.2637917E+001, 3.4267845E+001, 1.8768587E-002
 2.4825622E+002, 2.4899233E+002, 4.6650498E+001, 3.1107277E+001, 3.5135785E+001, 2.2922948E+002, 4.8441184E+001, 3.2527437E+001, 3.4295584E+001, 1.9289095E-002
 2.4922063E+002, 2.4052354E+002, 4.9993545E+001, 2.9024084E+001, 3.5265735E+001, 2.4216188E+002, 4.8353168E+001, 3.2054326E+001, 3.4343832E+001, 1.9672577E-002
 2.5019779E+002, 2.8076985E+002, 5.5649498E+001, 2.8279214E+001, 3.5291461E+001, 2.5664178E+002, 4.9020494E+001, 3.1469226E+001, 3.4397706E+001, 1.9212911E-002
 2.5116875E+002, 1.8868059E+002, 5.0270089E+001, 2.7779709E+001, 3.5278585E+001, 2.5610829E+002, 4.9642826E+001, 3.0882306E+001, 3.4446560E+001, 1.8189749E-002
 2.5213851E+002, 1.8238380E+002, 4.7028177E+001, 2.8524897E+001, 3.5339239E+001, 2.3529950E+002, 4.9259826E+001, 3.0390697E+001, 3.4490673E+001, 1.7499217E-002
 2.5310805E+002, 1.2632225E+002, 4.9911731E+001, 3.0225046E+001, 3.5536854E+001, 2.1790842E+002, 4.9099474E+001, 3.0206111E+001, 3.4544616E+001, 1.7102004E-002
 2.5407115E+002, 1.2212147E+002, 5.2813271E+001, 3.1327483E+001, 3.5806406E+001, 1.9705765E+002, 4.9242969E+001, 3.0254228E+001, 3.4620282E+001, 1.6819222E-002
 2.5504473E+002, 2.2755682E+002, 5.7890216E+001, 3.3020532E+001, 3.5972359E+001, 2.0314499E+002, 5.0396013E+001, 3.0583577E+001, 3.4713007E+001, 1.6642262E-002
 2.5601202E+002, 1.7401627E+002, 5.8158687E+001, 3.1401926E+001, 3.6041672E+001, 2.0258438E+002, 5.1379930E+001, 3.0805639E+001, 3.4804442E+001, 1.6580181E-002
 2.5698242E+002, 1.6301960E+002, 5.1593711E+001, 3.0139121E+001, 3.5948264E+001, 2.0395203E+002, 5.1755939E+001, 3.0769063E+001, 3.4878064E+001, 1.6607704E-002
 2.5796016E+002, 1.5610863E+002, 4.6240639E+001, 2.9186213E+001, 3.5525441E+001, 1.9228436E+002, 5.1279998E+001, 3.0529168E+001, 3.4908786E+001, 1.6807943E-002
 2.5892963E+002, 1.5697164E+002, 4.5128369E+001, 2.9649011E+001, 3.4695023E+001, 1.8841657E+002, 5.0173276E+001, 3.0304758E+001, 3.4859446E+001, 1.7200961E-002
 2.5989119E+002, 1.7904507E+002, 4.7414094E+001, 3.0156940E+001, 3.3928890E+001, 1.9128955E+002, 4.9572679E+001, 3.0210435E+001, 3.4719714E+001, 1.7585594E-002
 2.6087068E+002, 1.5558407E+002, 4.6474388E+001, 3.2674148E+001, 3.3625329E+001, 1.8796764E+002, 4.9088368E+001, 3.0367970E+001, 3.4537886E+001, 1.7664679E-002
 2.6183576E+002, 1.8186055E+002, 5.3178889E+001, 3.5254735E+001, 3.3766512E+001, 1.8716682E+002, 4.8790142E+001, 3.0964704E+001, 3.4370927E+001, 1.7749980E-002
 2.6280931E+002, 1.5533499E+002, 5.5804848E+001, 3.5195606E+001, 3.4044302E+001, 1.9172638E+002, 5.0005208E+001, 3.1702592E+001, 3.4249020E+001, 1.7937937E-002
 2.6377134E+002, 1.7875501E+002, 5.8501016E+001, 3.4322636E+001, 3.4246981E+001, 1.8687522E+002, 5.0829988E+001, 3.2179723E+001, 3.4169588E+001, 1.8099404E-002
 2.6475222E+002, 2.2839715E+002, 5.6502209E+001, 3.5155707E+001, 3.4273788E+001, 2.0344522E+002, 5.2053098E+001, 3.2568147E+001, 3.4113137E+001, 1.8111755E-002
 2.6571480E+002, 1.5012223E+002, 4.4080475E+001, 3.5317395E+001, 3.4115520E+001, 2.0313727E+002, 5.1724287E+001, 3.2983591E+001, 3.4055308E+001, 1.8098338E-002
 2.6668598E+002, 1.3521481E+002, 3.7221390E+001, 3.5052983E+001, 3.3937529E+001, 1.9190973E+002, 5.0067853E+001, 3.3325015E+001, 3.3982935E+001, 1.7999214E-002
 2.6765320E+002, 1.4726260E+002, 4.2527298E+001, 3.3267625E+001, 3.3864670E+001, 1.8125766E+002, 4.8678025E+001, 3.3428259E+001, 3.3904483E+001, 1.7789444E-002
 2.6862748E+002, 1.4386074E+002, 5.1079279E+001, 3.1411244E+001, 3.3927812E+001, 1.7869432E+002, 4.8429872E+001, 3.3183445E+001, 3.3835148E+001, 1.7549260E-002
 2.6959147E+002, 1.1935688E+002, 4.9787489E+001, 3.0232788E+001, 3.4135946E+001, 1.7229345E+002, 4.8786094E+001, 3.2750001E+001, 3.3789914E+001, 1.7372262E-002
 2.7056026E+002, 1.3545716E+002, 4.8259529E+001, 3.0392457E+001, 3.4550728E+001, 1.6272318E+002, 4.8685206E+001, 3.2326161E+001, 3.3787711E+001, 1.7273433E-002
 2.7153080E+002, 1.9038354E+002, 5.0385090E+001, 3.1055835E+001, 3.5049137E+001, 1.7562770E+002, 4.8679587E+001, 3.2024610E+001, 3.3843539E+001, 1.7094428E-002
 2.7250377E+002, 1.6316386E+002, 5.2050223E+001, 3.0122066E+001, 3.5431811E+001, 1.7880274E+002, 4.8981076E+001, 3.1781307E+001, 3.3946367E+001, 1.6840002E-002
 2.7347245E+002, 1.5804630E+002, 5.1034600E+001, 2.9052454E+001, 3.5583153E+001, 1.7740434E+002, 4.9367688E+001, 3.1368734E+001, 3.4066024E+001, 1.6586548E-002
 2.7444567E+002, 1.4509044E+002, 4.9108411E+001, 3.1490448E+001, 3.5481326E+001, 1.8150266E+002, 4.9352072E+001, 3.1137573E+001, 3.4172129E+001, 1.6537500E-002
 2.7541607E+002, 2.3553925E+002, 4.5872706E+001, 3.2360324E+001, 3.5139958E+001, 1.9643100E+002, 4.9011511E+001, 3.1265714E+001, 3.4237051E+001, 1.6692731E-002
 2.7638166E+002, 2.1565256E+002, 4.9849082E+001, 3.2079477E+001, 3.4688340E+001, 2.0739061E+002, 4.8783722E+001, 3.1388296E+001, 3.4245221E+001, 1.6919633E-002
 2.7735072E+002, 2.7895917E+002, 4.5022781E+001, 3.2888809E+001, 3.4253447E+001, 2.3040410E+002, 4.8522220E+001, 3.1496927E+001, 3.4200767E+001, 1.7190856E-002
 2.7832799E+002, 1.3917465E+002, 4.4656139E+001, 3.4128516E+001, 3.3904287E+001, 2.3139531E+002, 4.7851756E+001, 3.1810167E+001, 3.4115873E+001, 1.7381740E-002
 2.7929649E+002, 1.8529964E+002, 4.5641478E+001, 3.3939342E+001, 3.3665237E+001, 2.1409195E+002, 4.7428180E+001, 3.2159746E+001, 3.4007299E+001, 1.7479683E-002
 2.8027018E+002, 2.3232659E+002, 4.8814548E+001, 3.3680097E+001, 3.3495518E+001, 2.2726481E+002, 4.7308735E+001, 3.2379608E+001, 3.3889749E+001, 1.7548336E-002
 2.8123168E+002, 1.8642426E+002, 5.3782847E+001, 3.2497196E+001, 3.3506538E+001, 2.2436469E+002, 4.7803323E+001, 3.2486076E+001, 3.3776171E+001, 1.7669623E-002
 2.8220034E+002, 1.9167662E+002, 5.4864720E+001, 2.9013346E+001, 3.3899778E+001, 2.2193890E+002, 4.9020807E+001, 3.2152993E+001, 3.3699126E+001, 1.7979663E-002
 2.8318106E+002, 2.0448324E+002, 5.1296116E+001, 2.8431766E+001, 3.4507782E+001, 2.2232283E+002, 4.9532738E+001, 3.1527449E+001, 3.3695004E+001, 1.8419651E-002
 2.8414367E+002, 2.0440680E+002, 4.7717600E+001, 2.9553326E+001, 3.4997522E+001, 2.2016506E+002, 4.9504444E+001, 3.1106912E+001, 3.3763227E+001, 1.8500810E-002
 2.8511150E+002, 1.5585827E+002, 4.6857498E+001, 2.9732733E+001, 3.5357882E+001, 2.1536621E+002, 4.9082754E+001, 3.0842745E+001, 3.3875766E+001, 1.8252353E-002
 2.8608523E+002, 1.2352585E+002, 4.7256165E+001, 3.0930390E+001, 3.5576053E+001, 1.9698238E+002, 4.8683663E+001, 3.0710483E+001, 3.4014427E+001, 1.7763048E-002
 2.8705779E+002, 1.5564720E+002, 5.0832997E+001, 3.1793605E+001, 3.5303127E+001, 1.8700857E+002, 4.8740613E+001, 3.0801257E+001, 3.4133685E+001, 1.7120816E-002
 2.8803134E+002, 1.5236084E+002, 4.6380085E+001, 3.2211779E+001, 3.4649774E+001, 1.8091764E+002, 4.8653003E+001, 3.0992221E+001, 3.4173947E+001, 1.6664413E-002
 2.8899752E+002, 1.9364199E+002, 4.7393818E+001, 3.1624261E+001, 3.3865005E+001, 1.8803086E+002, 4.8178832E+001, 3.1100959E+001, 3.4113305E+001, 1.6391923E-002
 2.8996291E+002, 1.9159957E+002, 5.1655564E+001, 3.0655744E+001, 3.3339595E+001, 2.0250657E+002, 4.8422332E+001, 3.1093477E+001, 3.3977734E+001, 1.6228636E-002
 2.9093211E+002, 1.7596315E+002, 4.5426018E+001, 2.9725626E+001, 3.3286140E+001, 2.0777508E+002, 4.8423134E+001, 3.0863987E+001, 3.3826106E+001, 1.6140217E-002
 2.9191054E+002, 2.0875412E+002, 4.6032096E+001, 3.0638662E+001, 3.3648651E+001, 2.0207890E+002, 4.7802625E+001, 3.0733172E+001, 3.3713058E+001, 1.6131907E-002
 2.9287608E+002, 1.9170815E+002, 5.3487989E+001, 3.0978857E+001, 3.4130388E+001, 2.1132750E+002, 4.8145322E+001, 3.0696828E+001, 3.3670870E+001, 1.6282907E-002
 2.9384273E+002, 1.5338553E+002, 4.7692614E+001, 3.4857242E+001, 3.4534870E+001, 2.0513316E+002, 4.8660392E+001, 3.0981986E+001, 3.3694134E+001, 1.6613859E-002
 2.9481879E+002, 1.7669171E+002, 4.7943912E+001, 3.7107182E+001, 3.4740271E+001, 1.9769530E+002, 4.8319236E+001, 3.1919977E+001, 3.3756630E+001, 1.6976322E-002
 2.9578024E+002, 2.2185398E+002, 5.3856672E+001, 3.3205969E+001, 3.4591490E+001, 2.0001116E+002, 4.8708311E+001, 3.2429511E+001, 3.3811039E+001, 1.7191923E-002
 2.9676153E+002, 1.7528370E+002, 5.0418938E+001, 3.1299368E+001, 3.4263719E+001, 2.1357690E+002, 4.9371623E+001, 3.2306442E+001, 3.3824577E+001, 1.7165013E-002
 2.9772145E+002, 1.9936031E+002, 4.7331393E+001, 3.0393690E+001, 3.3739257E+001, 2.1305418E+002, 4.9084801E+001, 3.2007422E+001, 3.3780575E+001, 1.7118556E-002
 2.9869091E+002, 2.5184614E+002, 4.6758291E+001, 3.0407011E+001, 3.3345645E+001, 2.2778285E+002, 4.8788466E+001, 3.1695529E+001, 3.3681084E+001, 1.7169110E-002
 2.9966365E+002, 1.7669623E+002, 4.4956211E+001, 2.8870983E+001, 3.3419979E+001, 2.2848658E+002, 4.8298506E+001, 3.1369891E+001, 3.3574820E+001, 1.7238416E-002
 3.0063897E+002, 1.5111697E+002, 5.1204582E+001, 2.7133516E+001, 3.3800351E+001, 2.2129353E+002, 4.8157734E+001, 3.0798229E+001, 3.3513289E+001, 1.7219658E-002
 3.0160192E+002, 1.4708662E+002, 5.2993662E+001, 3.0183653E+001, 3.4088980E+001, 2.0380357E+002, 4.8895971E+001, 3.0391441E+001, 3.3502027E+001, 1.7181621E-002
 3.0257282E+002, 9.9060323E+001, 4.5684152E+001, 3.1257625E+001, 3.4170702E+001, 1.8885983E+002, 4.8849224E+001, 3.0483026E+001, 3.3512278E+001, 1.7223401E-002
 3.0354783E+002, 1.6796029E+002, 4.2666758E+001, 3.3941661E+001, 3.4070335E+001, 1.8011876E+002, 4.8198774E+001, 3.0810725E+001, 3.3519188E+001, 1.7342827E-002
 3.0451930E+002, 1.5138124E+002, 4.3951932E+001, 3.3500958E+001, 3.3687061E+001, 1.7783340E+002, 4.7542572E+001, 3.1329264E+001, 3.3496937E+001, 1.7423443E-002
 3.0548111E+002, 2.9708631E+002, 4.8027332E+001, 3.0525097E+001, 3.3299325E+001, 2.1137080E+002, 4.7227211E+001, 3.1369650E+001, 3.3429980E+001, 1.7267162E-002
 3.0645157E+002, 3.0850795E+002, 5.0894134E+001, 3.0990814E+001, 3.3130649E+001, 2.5554730E+002, 4.7601686E+001, 3.1187229E+001, 3.3341131E+001, 1.7056565E-002
 3.0742245E+002, 2.6922770E+002, 4.8641270E+001, 3.2942764E+001, 3.3103470E+001, 2.6900268E+002, 4.8084642E+001, 3.1298377E+001, 3.3251193E+001, 1.6882781E-002
 3.0839868E+002, 3.4402052E+002, 4.4817483E+001, 3.2522705E+001, 3.3335495E+001, 2.9210797E+002, 4.7698927E+001, 3.1532485E+001, 3.3181931E+001, 1.6766098E-002
 3.0937044E+002, 2.4283499E+002, 4.7423764E+001, 3.4542423E+001, 3.3853741E+001, 3.0889863E+002, 4.7404303E+001, 3.1788640E+001, 3.3170432E+001, 1.6791026E-002
 3.1033160E+002, 2.1424768E+002, 4.8948790E+001, 3.5230780E+001, 3.4316353E+001, 2.8749270E+002, 4.7428394E+001, 3.2323481E+001, 3.3230900E+001, 1.6879328E-002
 3.1130223E+002, 2.4671958E+002, 4.8363625E+001, 3.4793722E+001, 3.4457121E+001, 2.7209865E+002, 4.7630510E+001, 3.2694650E+001, 3.3325884E+001, 1.6781376E-002
 3.1227742E+002, 1.7860107E+002, 5.0750204E+001, 3.4141529E+001, 3.4337135E+001, 2.5592433E+002, 4.7762100E+001, 3.2980116E+001, 3.3408990E+001, 1.6526555E-002
 3.1325246E+002, 1.9756035E+002, 4.7568705E+001, 3.4014414E+001, 3.3904752E+001, 2.4683689E+002, 4.7994948E+001, 3.3068107E+001, 3.3441447E+001, 1.6318121E-002
 3.1421032E+002, 1.9396076E+002, 5.0580956E+001, 3.2462372E+001, 3.3367282E+001, 2.3153566E+002, 4.7984307E+001, 3.3122749E+001, 3.3399457E+001, 1.6351202E-002
 3.1518062E+002, 1.6666767E+002, 4.9558782E+001, 3.0357360E+001, 3.3257755E+001, 2.2565336E+002, 4.8305351E+001, 3.2710433E+001, 3.3319911E+001, 1.6459354E-002
 3.1616222E+002, 2.7797590E+002, 4.8349160E+001, 3.0963792E+001, 3.3486414E+001, 2.3641950E+002, 4.8297376E+001, 3.2333324E+001, 3.3262291E+001, 1.6683770E-002
 3.1712487E+002, 1.7106632E+002, 4.7159337E+001, 3.3014134E+001, 3.3731898E+001, 2.3921379E+002, 4.8202593E+001, 3.2214386E+001, 3.3243054E+001, 1.6853125E-002
 3.1809910E+002, 1.5064308E+002, 4.2403990E+001, 3.4549740E+001, 3.3962617E+001, 2.2116054E+002, 4.7669947E+001, 3.2434194E+001, 3.3256755E+001, 1.6922928E-002
 3.1906942E+002, 2.3987776E+002, 4.4807260E+001, 3.5533477E+001, 3.4086159E+001, 2.1987809E+002, 4.6980635E+001, 3.2861057E+001, 3.3292565E+001, 1.7018770E-002
 3.2003142E+002, 2.3078343E+002, 5.2147817E+001, 3.1606272E+001, 3.4138629E+001, 2.2989749E+002, 4.7229299E+001, 3.2921742E+001, 3.3329840E+001, 1.7059201E-002
 3.2101067E+002, 2.4529515E+002, 5.3337547E+001, 3.0711222E+001, 3.4171978E+001, 2.4831490E+002, 4.7945922E+001, 3.2524901E+001, 3.3365802E+001, 1.7001375E-002
 3.2198024E+002, 1.9320279E+002, 5.3131234E+001, 3.2110165E+001, 3.4201759E+001, 2.4496625E+002, 4.8607164E+001, 3.2309227E+001, 3.3398997E+001, 1.6969456E-002
 3.2294307E+002, 2.9727610E+002, 5.0437957E+001, 3.2136582E+001, 3.4198729E+001, 2.4772066E+002, 4.8975368E+001, 3.2248090E+001, 3.3428922E+001, 1.7031213E-002
 3.2391904E+002, 1.8168559E+002, 4.9565831E+001, 3.2624406E+001, 3.4162323E+001, 2.6269186E+002, 4.9012585E+001, 3.2211501E+001, 3.3451674E+001, 1.7056885E-002
 3.2488838E+002, 1.9314352E+002, 4.8314726E+001, 3.2281707E+001, 3.4131735E+001, 2.3904308E+002, 4.8866072E+001, 3.2224810E+001, 3.3468476E+001, 1.6974788E-002
 3.2586248E+002, 1.8142284E+002, 5.1931852E+001, 3.2290974E+001, 3.4035139E+001, 2.3396057E+002, 4.8983566E+001, 3.2196721E+001, 3.3477109E+001, 1.6835149E-002
 3.2682930E+002, 1.9123494E+002, 5.0494571E+001, 3.1681408E+001, 3.3866891E+001, 2.2544213E+002, 4.9323752E+001, 3.2097007E+001, 3.3469710E+001, 1.6640738E-002
 3.2779727E+002, 2.2023193E+002, 4.8941450E+001, 3.4067190E+001, 3.3702622E+001, 2.2547351E+002, 4.9289484E+001, 3.2151634E+001, 3.3443919E+001, 1.6559363E-002
 3.2877221E+002, 1.7085084E+002, 4.6933737E+001, 3.4186305E+001, 3.3658560E+001, 2.1720976E+002, 4.8985139E+001, 3.2485710E+001, 3.3408377E+001, 1.6638016E-002
 3.2973828E+002, 1.6502112E+002, 4.9637233E+001, 3.2734772E+001, 3.3785251E+001, 2.0925432E+002, 4.8757780E+001, 3.2542657E+001, 3.3385039E+001, 1.6772327E-002
 3.3070858E+002, 1.8009698E+002, 5.1919300E+001, 3.4738338E+001, 3.3691967E+001, 2.1115879E+002, 4.8999366E+001, 3.2652981E+001, 3.3368845E+001, 1.6958378E-002
 3.3167422E+002, 1.7523030E+002, 4.8380082E+001, 3.6272288E+001, 3.3317988E+001, 2.0269046E+002, 4.9236274E+001, 3.3097008E+001, 3.3322804E+001, 1.7306348E-002
 3.3264283E+002, 2.4761530E+002, 4.6279132E+001, 3.4558698E+001, 3.2973532E+001, 2.1702267E+002, 4.8796413E+001, 3.3401782E+001, 3.3237380E+001, 1.7467617E-002
 3.3361887E+002, 1.8677290E+002, 4.8013208E+001, 3.5364620E+001, 3.2911940E+001, 2.2653395E+002, 4.8497181E+001, 3.3589187E+001, 3.3138935E+001, 1.7236637E-002
 3.3458035E+002, 1.1133781E+002, 5.1316966E+001, 3.5474415E+001, 3.3213792E+001, 2.0828993E+002, 4.8585221E+001, 3.3831283E+001, 3.3066252E+001, 1.7135196E-002
 3.3555844E+002, 1.5703946E+002, 5.2430443E+001, 3.6676793E+001, 3.3705923E+001, 1.9548716E+002, 4.9040442E+001, 3.4147879E+001, 3.3050371E+001, 1.6885616E-002
 3.3652507E+002, 1.5538658E+002, 4.9434104E+001, 3.4652967E+001, 3.4130836E+001, 1.8750549E+002, 4.9206594E+001, 3.4403293E+001, 3.3090490E+001, 1.6510826E-002
 3.3749760E+002, 1.5198250E+002, 4.7899882E+001, 3.2205936E+001, 3.4379648E+001, 1.8660331E+002, 4.9040993E+001, 3.4148565E+001, 3.3162584E+001, 1.6244678E-002
 3.3846499E+002, 1.8206572E+002, 4.8060258E+001, 3.1630810E+001, 3.4393286E+001, 1.8334049E+002, 4.8812794E+001, 3.3686890E+001, 3.3238286E+001, 1.6187909E-002
 3.3943273E+002, 1.4347372E+002, 5.0135663E+001, 3.4750758E+001, 3.4148924E+001, 1.9107673E+002, 4.8745363E+001, 3.3560919E+001, 3.3290513E+001, 1.6313443E-002
 3.4040751E+002, 2.1336023E+002, 5.1463031E+001, 3.3177771E+001, 3.3761360E+001, 1.9399031E+002, 4.8944148E+001, 3.3622956E+001, 3.3300281E+001, 1.6583400E-002
 3.4137814E+002, 2.1641650E+002, 4.8446456E+001, 3.1764688E+001, 3.3387237E+001, 2.0747500E+002, 4.9117470E+001, 3.3338176E+001, 3.3265702E+001, 1.6932121E-002
 3.4234541E+002, 2.1920590E+002, 4.1874453E+001, 3.3596621E+001, 3.3178021E+001, 2.1721494E+002, 4.8209423E+001, 3.3137183E+001, 3.3202912E+001, 1.7365792E-002
 3.4331931E+002, 2.0381812E+002, 4.8786760E+001, 3.5511526E+001, 3.3164867E+001, 2.2459996E+002, 4.7845709E+001, 3.3361023E+001, 3.3136178E+001, 1.7677197E-002
 3.4428738E+002, 2.2279094E+002, 4.5116097E+001, 3.4510004E+001, 3.3225009E+001, 2.3156531E+002, 4.7661721E+001, 3.3581205E+001, 3.3081285E+001, 1.7827890E-002
 3.4525293E+002, 2.0538989E+002, 4.3564563E+001, 3.4375973E+001, 3.3321107E+001, 2.2949749E+002, 4.7079362E+001, 3.3690869E+001, 3.3040240E+001, 1.7819668E-002
 3.4623044E+002, 1.9313834E+002, 4.8228536E+001, 3.3466097E+001, 3.3513849E+001, 2.2461111E+002, 4.6737227E+001, 3.3640894E+001, 3.3018675E+001, 1.7624715E-002
 3.4719136E+002, 1.8649743E+002, 5.5560997E+001, 3.4536181E+001, 3.3759128E+001, 2.1826923E+002, 4.7709031E+001, 3.3631264E+001, 3.3023638E+001, 1.7529209E-002
 3.4816143E+002, 1.6018199E+002, 5.5069161E+001, 3.8897483E+001, 3.4128354E+001, 2.1183141E+002, 4.8986128E+001, 3.4069829E+001, 3.3061863E+001, 1.7488606E-002
 3.4913513E+002, 1.5782076E+002, 4.6162559E+001, 3.8162118E+001, 3.4685786E+001, 2.0860966E+002, 4.9049048E+001, 3.4910172E+001, 3.3151704E+001, 1.7495874E-002
 3.5010062E+002, 1.7335714E+002, 4.5288590E+001, 3.3358107E+001, 3.5197744E+001, 2.0282282E+002, 4.8427090E+001, 3.4971803E+001, 3.3293733E+001, 1.7579092E-002
 3.5108149E+002, 1.9231653E+002, 4.6728936E+001, 3.1895551E+001, 3.5301269E+001, 2.0109634E+002, 4.8005588E+001, 3.4414575E+001, 3.3451867E+001, 1.7724925E-002
 3.5204371E+002, 1.2855140E+002, 5.1501448E+001, 3.3276465E+001, 3.5050956E+001, 1.9619687E+002, 4.8115712E+001, 3.4134101E+001, 3.3582761E+001, 1.7801398E-002
 3.5301821E+002, 2.1185109E+002, 4.9679732E+001, 2.9660542E+001, 3.4756790E+001, 1.9465806E+002, 4.8440142E+001, 3.3650890E+001, 3.3668817E+001, 1.7774535E-002
 3.5398044E+002, 1.5706837E+002, 4.6676805E+001, 2.9434867E+001, 3.4606337E+001, 1.9615321E+002, 4.8303709E+001, 3.2895288E+001, 3.3722201E+001, 1.7695642E-002
 3.5495300E+002, 1.6288648E+002, 4.7165340E+001, 3.0697712E+001, 3.4642886E+001, 1.9799654E+002, 4.8013187E+001, 3.2442126E+001, 3.3765969E+001, 1.7562021E-002
 3.5592788E+002, 1.7702285E+002, 5.1612778E+001, 3.1193316E+001, 3.4724828E+001, 1.9153799E+002, 4.8159665E+001, 3.2140370E+001, 3.3814646E+001, 1.7389833E-002
 3.5690121E+002, 1.8723730E+002, 4.4966264E+001, 3.2263801E+001, 3.4728344E+001, 1.9834907E+002, 4.8286022E+001, 3.2037834E+001, 3.3863216E+001, 1.7273014E-002
 3.5786353E+002, 1.6793392E+002, 4.5805011E+001, 3.2371174E+001, 3.4649716E+001, 1.9565270E+002, 4.7459767E+001, 3.2017593E+001, 3.3898245E+001, 1.7207162E-002
 3.5883281E+002, 1.5707628E+002, 4.9049007E+001, 3.4808165E+001, 3.4501700E+001, 1.9661058E+002, 4.7494654E+001, 3.2261150E+001, 3.3912769E+001, 1.7143369E-002
 3.5980304E+002, 1.4540872E+002, 4.7400800E+001, 3.5706950E+001, 3.4211094E+001, 1.9235193E+002, 4.7523080E+001, 3.2693019E+001, 3.3899341E+001, 1.7074295E-002
 3.6077339E+002, 2.4951930E+002, 4.5980968E+001, 3.6901544E+001, 3.3841406E+001, 1.9875750E+002, 4.7326109E+001, 3.3263347E+001, 3.3846797E+001, 1.6988189E-002
 3.6175071E+002, 1.3421961E+002, 4.6789760E+001, 3.5147776E+001, 3.3503062E+001, 2.0610650E+002, 4.7110432E+001, 3.3640405E+001, 3.3759099E+001, 1.6896660E-002
 3.6271865E+002, 1.7882524E+002, 4.5927484E+001, 3.4953415E+001, 3.3198196E+001, 1.9715886E+002, 4.6926708E+001, 3.3806191E+001, 3.3643741E+001, 1.6786262E-002
 3.6369211E+002, 2.5079635E+002, 4.6961291E+001, 3.5497228E+001, 3.3084978E+001, 2.1503461E+002, 4.6792940E+001, 3.3974278E+001, 3.3517432E+001, 1.6758589E-002
 3.6466122E+002, 2.6428924E+002, 4.5554218E+001, 3.5784243E+001, 3.3248186E+001, 2.3071124E+002, 4.6685603E+001, 3.4196684E+001, 3.3409811E+001, 1.6863763E-002
 3.6562584E+002, 2.6894333E+002, 4.5161053E+001, 3.4344953E+001, 3.3701215E+001, 2.5723357E+002, 4.6455093E+001, 3.4296826E+001, 3.3352852E+001, 1.6959803E-002
 3.6659028E+002, 2.2546331E+002, 4.9339096E+001, 3.3003677E+001, 3.4294156E+001, 2.5903302E+002, 4.6382951E+001, 3.4117659E+001, 3.3372603E+001, 1.6996061E-002
 3.6756585E+002, 1.1717564E+002, 5.5574176E+001, 3.1336638E+001, 3.4668204E+001, 2.3465974E+002, 4.7486054E+001, 3.3765040E+001, 3.3453146E+001, 1.7111248E-002
 3.6854028E+002, 1.3360696E+002, 4.5590006E+001, 2.9645078E+001, 3.4787773E+001, 2.0991135E+002, 4.7904397E+001, 3.3172583E+001, 3.3551286E+001, 1.7316210E-002
 3.6950326E+002, 1.5679778E+002, 4.3939902E+001, 2.8711225E+001, 3.4721274E+001, 2.0253798E+002, 4.7205947E+001, 3.2488671E+001, 3.3637643E+001, 1.7506128E-002
 3.7047627E+002, 1.5347747E+002, 4.9503766E+001, 2.8174575E+001, 3.4463331E+001, 1.8960742E+002, 4.7093819E+001, 3.1776361E+001, 3.3689826E+001, 1.7315821E-002
 3.7144326E+002, 1.8460153E+002, 5.2916266E+001, 2.9867208E+001, 3.4174643E+001, 1.9766730E+002, 4.7658032E+001, 3.1304169E+001, 3.3698499E+001, 1.6908475E-002
 3.7241411E+002, 2.5638702E+002, 5.0760452E+001, 3.2144980E+001, 3.4009726E+001, 2.0952357E+002, 4.8233831E+001, 3.1207634E+001, 3.3677194E+001, 1.6734822E-002
 3.7338706E+002, 1.5642846E+002, 5.3646024E+001, 3.4724260E+001, 3.4124316E+001, 2.1740099E+002, 4.8648033E+001, 3.1575664E+001, 3.3655471E+001, 1.6813041E-002
 3.7435249E+002, 2.9512981E+002, 5.0946085E+001, 3.4517941E+001, 3.4448955E+001, 2.3466521E+002, 4.9472245E+001, 3.2103751E+001, 3.3668069E+001, 1.6968415E-002
 3.7532341E+002, 1.9016794E+002, 3.7788315E+001, 3.2465383E+001, 3.4757969E+001, 2.4468784E+002, 4.8500209E+001, 3.2274837E+001, 3.3719739E+001, 1.6957117E-002
 3.7629494E+002, 2.2086205E+002, 4.4181322E+001, 3.2282368E+001, 3.4987202E+001, 2.4209041E+002, 4.7234027E+001, 3.2207916E+001, 3.3797377E+001, 1.6880976E-002
 3.7727118E+002, 2.6109500E+002, 5.0903103E+001, 3.3700473E+001, 3.4997024E+001, 2.5029482E+002, 4.7416915E+001, 3.2300809E+001, 3.3877998E+001, 1.6866550E-002
 3.7823720E+002, 2.5548371E+002, 5.2398044E+001, 3.5192303E+001, 3.4624028E+001, 2.5858831E+002, 4.8086565E+001, 3.2613667E+001, 3.3922977E+001, 1.6924273E-002
 3.7921128E+002, 1.6565420E+002, 4.9431345E+001, 3.5219750E+001, 3.4021998E+001, 2.4716366E+002, 4.8360021E+001, 3.3046101E+001, 3.3900527E+001, 1.7010940E-002
 3.8017548E+002, 2.6091112E+002, 4.8366377E+001, 3.4503276E+001, 3.3564632E+001, 2.4421294E+002, 4.8354667E+001, 3.3283258E+001, 3.3818337E+001, 1.7094617E-002
 3.8114261E+002, 2.4551588E+002, 5.2201044E+001, 3.4311456E+001, 3.3453436E+001, 2.5146493E+002, 4.8463567E+001, 3.3424102E+001, 3.3714117E+001, 1.7160318E-002
 3.8211123E+002, 2.6340521E+002, 5.2358758E+001, 3.3885978E+001, 3.3763579E+001, 2.6450210E+002, 4.8989198E+001, 3.3499226E+001, 3.3634022E+001, 1.7235602E-002
 3.8308271E+002, 1.6700140E+002, 4.7863907E+001, 3.1343257E+001, 3.4229568E+001, 2.5853712E+002, 4.9109282E+001, 3.3302385E+001, 3.3611776E+001, 1.7251296E-002
 3.8405992E+002, 1.9117936E+002, 4.1597719E+001, 3.1747151E+001, 3.4403274E+001, 2.3575993E+002, 4.8357897E+001, 3.2915974E+001, 3.3633453E+001, 1.7276637E-002
 3.8502841E+002, 2.6353626E+002, 4.2375286E+001, 3.1313287E+001, 3.4288559E+001, 2.4436939E+002, 4.7399400E+001, 3.2687441E+001, 3.3653816E+001, 1.7127418E-002
 3.8599724E+002, 3.1286998E+002, 4.6083210E+001, 2.9728543E+001, 3.4072619E+001, 2.7329252E+002, 4.6895538E+001, 3.2263872E+001, 3.3650191E+001, 1.6820800E-002
 3.8696212E+002, 1.9613313E+002, 5.2391319E+001, 2.9671640E+001, 3.3788599E+001, 2.6886351E+002, 4.7213346E+001, 3.1805044E+001, 3.3618067E+001, 1.6607752E-002
 3.8794204E+002, 1.0601276E+002, 5.4149522E+001, 2.9546268E+001, 3.3445925E+001, 2.3771698E+002, 4.8097077E+001, 3.1400753E+001, 3.3551816E+001, 1.6521934E-002
 3.8890440E+002, 1.4362963E+002, 5.1954555E+001, 2.9562877E+001, 3.3237101E+001, 2.1773416E+002, 4.8693958E+001, 3.1056061E+001, 3.3461338E+001, 1.6488983E-002
 3.8988281E+002, 1.6870655E+002, 5.3097514E+001, 2.9520150E+001, 3.3251746E+001, 2.0754282E+002, 4.9080018E+001, 3.0788886E+001, 3.3371408E+001, 1.6489831E-002
 3.9085057E+002, 2.4226289E+002, 5.0851849E+001, 2.9421871E+001, 3.3363892E+001, 2.1240865E+002, 4.9513436E+001, 3.0541051E+001, 3.3301437E+001, 1.6535303E-002
 3.9181868E+002, 2.0207315E+002, 5.4258251E+001, 2.9347495E+001, 3.3403930E+001, 2.2781227E+002, 4.9844093E+001, 3.0314184E+001, 3.3249493E+001, 1.6554255E-002
 3.9278988E+002, 1.7975915E+002, 5.2326193E+001, 3.0636290E+001, 3.3429525E+001, 2.1610487E+002, 5.0456945E+001, 3.0239590E+001, 3.3208322E+001, 1.6511377E-002
 3.9375367E+002, 1.7636548E+002, 4.5588994E+001, 3.0179668E+001, 3.3446512E+001, 2.1827894E+002, 5.0061344E+001, 3.0251857E+001, 3.3176280E+001, 1.6579495E-002
 3.9473164E+002, 2.7749815E+002, 4.8749664E+001, 2.9288228E+001, 3.3365926E+001, 2.3268619E+002, 4.9447021E+001, 3.0138684E+001, 3.3145169E+001, 1.6641647E-002
 3.9569250E+002, 3.2215569E+002, 5.5925511E+001, 2.9241505E+001, 3.3196324E+001, 2.5840049E+002, 5.0026191E+001, 2.9943057E+001, 3.3100878E+001, 1.6698039E-002
 3.9666400E+002, 2.4817267E+002, 4.9440292E+001, 3.4417875E+001, 3.3072153E+001, 2.8785251E+002, 5.0515439E+001, 3.0211239E+001, 3.3042188E+001, 1.6716421E-002
 3.9763480E+002, 2.8357671E+002, 4.7961312E+001, 3.4459153E+001, 3.3171603E+001, 2.8380511E+002, 5.0103573E+001, 3.0989820E+001, 3.2988730E+001, 1.6673381E-002
 3.9861139E+002, 2.4366025E+002, 4.3044611E+001, 3.2290252E+001, 3.3448544E+001, 2.8139739E+002, 4.9260472E+001, 3.1319873E+001, 3.2968094E+001, 1.6622062E-002
 3.9957628E+002, 2.0728069E+002, 4.7495844E+001, 3.4055154E+001, 3.3808406E+001, 2.7464954E+002, 4.8555400E+001, 3.1516337E+001, 3.2992244E+001, 1.6607968E-002
 4.0054499E+002, 2.0374706E+002, 5.1909842E+001, 3.6370263E+001, 3.4073749E+001, 2.5257122E+002, 4.8712826E+001, 3.2156221E+001, 3.3053944E+001, 1.6617563E-002
 4.0151334E+002, 2.0711921E+002, 5.2467525E+001, 3.3922332E+001, 3.4159152E+001, 2.4822363E+002, 4.9167493E+001, 3.2599407E+001, 3.3128422E+001, 1.6582941E-002
 4.0248560E+002, 1.7706389E+002, 5.3340980E+001, 3.3865185E+001, 3.4022902E+001, 2.3321960E+002, 4.9612412E+001, 3.2687530E+001, 3.3190521E+001, 1.6594067E-002
 4.0345894E+002, 2.3130162E+002, 4.9970255E+001, 3.4317222E+001, 3.3636606E+001, 2.3573182E+002, 4.9784024E+001, 3.2933392E+001, 3.3209414E+001, 1.6688950E-002
 4.0442412E+002, 1.2451963E+002, 5.0996890E+001, 3.4176087E+001, 3.3234922E+001, 2.2303337E+002, 4.9851326E+001, 3.3097375E+001, 3.3173918E+001, 1.6745576E-002
 4.0539310E+002, 2.0527090E+002, 5.2049076E+001, 3.2981735E+001, 3.2989474E+001, 2.1331002E+002, 4.9912054E+001, 3.3115516E+001, 3.3102456E+001, 1.6569843E-002
 4.0637190E+002, 1.8514490E+002, 5.4049997E+001, 3.2828269E+001, 3.3025489E+001, 2.1239744E+002, 5.0351572E+001, 3.3027883E+001, 3.3026409E+001, 1.6379845E-002
 4.0734140E+002, 2.1732289E+002, 5.2816128E+001, 3.2371894E+001, 3.3379951E+001, 2.1622639E+002, 5.0777251E+001, 3.2914658E+001, 3.2985789E+001, 1.6213059E-002
 4.0830141E+002, 2.1589331E+002, 5.8013679E+001, 3.2027790E+001, 3.3815673E+001, 2.2309000E+002, 5.1441666E+001, 3.2743220E+001, 3.3003788E+001, 1.6092216E-002
 4.0927695E+002, 1.5547183E+002, 4.7847083E+001, 3.1217386E+001, 3.4039914E+001, 2.2584666E+002, 5.1808822E+001, 3.2542788E+001, 3.3061150E+001, 1.6184842E-002
 4.1024551E+002, 1.5645127E+002, 4.2408180E+001, 2.8987125E+001, 3.4109018E+001, 2.0860379E+002, 5.0541371E+001, 3.2066686E+001, 3.3123990E+001, 1.6291915E-002
 4.1122389E+002, 1.3622571E+002, 4.4325114E+001, 3.1365502E+001, 3.4263571E+001, 2.0120397E+002, 4.9380999E+001, 3.1685358E+001, 3.3190430E+001, 1.6500499E-002
 4.1218651E+002, 1.9542429E+002, 4.8757328E+001, 3.1968937E+001, 3.4332291E+001, 1.9131278E+002, 4.8856417E+001, 3.1713991E+001, 3.3263378E+001, 1.6756237E-002
 4.1316164E+002, 1.9382947E+002, 5.5071327E+001, 3.0468988E+001, 3.4377749E+001, 2.1511551E+002, 4.9351923E+001, 3.1572533E+001, 3.3335098E+001, 1.6893578E-002
 4.1412745E+002, 1.0582279E+002, 5.8391410E+001, 3.0381474E+001, 3.4346285E+001, 1.9618189E+002, 5.0721440E+001, 3.1355213E+001, 3.3400177E+001, 1.6912078E-002
 4.1509008E+002, 1.9244622E+002, 5.2654628E+001, 2.9865918E+001, 3.4209987E+001, 1.9134710E+002, 5.1410328E+001, 3.1109977E+001, 3.3443318E+001, 1.6883793E-002
 4.1606470E+002, 1.4218203E+002, 4.8529289E+001, 3.1317303E+001, 3.4034359E+001, 1.8997804E+002, 5.1195037E+001, 3.0975097E+001, 3.3460188E+001, 1.6803385E-002
 4.1703109E+002, 1.6084048E+002, 4.5076003E+001, 3.3093647E+001, 3.3761337E+001, 1.8580629E+002, 5.0448148E+001, 3.1129368E+001, 3.3448423E+001, 1.6848970E-002
 4.1800171E+002, 2.3619286E+002, 4.3937806E+001, 3.5006641E+001, 3.3454044E+001, 1.9566062E+002, 4.9530011E+001, 3.1623029E+001, 3.3400977E+001, 1.7038699E-002
